Date,Open,High,Low,Close,Volume,Dividends,Stock Splits,12_EMA,26_EMA,MACD,Signal
2023-02-06 00:00:00-05:00,120.0,121.13999938964844,117.19999694824219,118.7300033569336,1446300,0.0,0.0,118.7300033569336,118.7300033569336,0.0,0.0
2023-02-07 00:00:00-05:00,118.4800033569336,121.26000213623047,115.80999755859375,120.55999755859375,1459300,0.0,0.0,119.01154092641977,118.8655584829825,0.1459824434372763,0.02919648868745526
2023-02-08 00:00:00-05:00,118.38999938964844,119.37999725341797,115.83999633789062,116.62000274658203,1608000,0.0,0.0,118.6436119756755,118.6992210210269,-0.0556090453514031,0.012235381879683588
2023-02-09 00:00:00-05:00,119.0199966430664,119.43000030517578,113.93000030517578,114.77999877929688,1304500,0.0,0.0,118.0492099454634,118.40890826238024,-0.35969831691683396,-0.06215135787961992
2023-02-10 00:00:00-05:00,112.73999786376953,115.86000061035156,110.69000244140625,115.30000305175781,1592800,0.0,0.0,117.62625503873946,118.17861898751931,-0.5523639487798562,-0.16019387605966717
2023-02-13 00:00:00-05:00,116.44000244140625,119.1500015258789,112.7300033569336,118.6500015258789,2069600,0.0,0.0,117.78375449829937,118.213536212583,-0.4297817142836209,-0.21411144370445792
2023-02-14 00:00:00-05:00,116.5199966430664,122.77999877929688,116.08999633789062,122.43000030517578,1893500,0.0,0.0,118.49856154551112,118.52586688610837,-0.02730534059725187,-0.17675022308301672
2023-02-15 00:00:00-05:00,121.75,125.87000274658203,121.56999969482422,125.66999816894531,1851300,0.0,0.0,119.60185948757793,119.05506179594815,0.5467976916297772,-0.03204064014045792
2023-02-16 00:00:00-05:00,132.85000610351562,143.5,130.4600067138672,131.1999969482422,5664800,0.0,0.0,121.38618832768012,119.954686622044,1.4315017056361228,0.26066782901485824
2023-02-17 00:00:00-05:00,131.2899932861328,136.22000122070312,129.74000549316406,131.47000122070312,2440400,0.0,0.0,122.93754415737597,120.80767288861134,2.1298712687646315,0.6345085169648129
2023-02-21 00:00:00-05:00,129.0,131.33999633789062,118.19000244140625,118.72000122070312,2611700,0.0,0.0,122.28869139788783,120.65303054284036,1.635660855047476,0.8347389845813455
2023-02-22 00:00:00-05:00,118.63999938964844,125.20999908447266,116.6500015258789,125.18000030517578,2057400,0.0,0.0,122.7335081528552,120.98836163634668,1.7451465165085125,1.016820490966779
2023-02-23 00:00:00-05:00,127.5,128.8000030517578,123.56999969482422,125.47000122070312,1280000,0.0,0.0,123.15450708637024,121.32033493889159,1.8341721474786539,1.1802908222691542
2023-02-24 00:00:00-05:00,122.87000274658203,123.88999938964844,121.7300033569336,122.36000061035156,1061800,0.0,0.0,123.0322753208289,121.39734721085159,1.6349281099773094,1.2712182798107854
2023-02-27 00:00:00-05:00,123.93000030517578,126.12999725341797,122.94000244140625,123.58000183105469,1130300,0.0,0.0,123.11654093778671,121.55902533086665,1.557515606920063,1.328477745232641
2023-02-28 00:00:00-05:00,123.41999816894531,124.05000305175781,121.29000091552734,121.70999908447266,1225600,0.0,0.0,122.9001498834307,121.57020857187449,1.3299413115562118,1.3287704584973552
2023-03-01 00:00:00-05:00,123.08000183105469,125.76000213623047,121.0999984741211,124.44999694824219,1396200,0.0,0.0,123.1385878934017,121.7835262293832,1.355061664018507,1.3340286996015855
2023-03-02 00:00:00-05:00,123.22000122070312,125.9800033569336,122.0,125.3499984741211,928100,0.0,0.0,123.47880490582008,122.04770935862304,1.431095547197046,1.3534420691206779
2023-03-03 00:00:00-05:00,125.97000122070312,126.33000183105469,121.77999877929688,125.54000091552734,1548100,0.0,0.0,123.79591198423658,122.30639762209744,1.489514362139147,1.3806565277243719
2023-03-06 00:00:00-05:00,126.01000213623047,129.55999755859375,124.41000366210938,125.05999755859375,1764600,0.0,0.0,123.99038668798383,122.51036798776383,1.4800187002200005,1.4005289622234975
2023-03-07 00:00:00-05:00,125.19000244140625,127.4000015258789,123.66000366210938,124.47000122070312,1530200,0.0,0.0,124.0641735391714,122.6555260050186,1.4086475341528057,1.4021526766093593
2023-03-08 00:00:00-05:00,124.75,125.04000091552734,122.75,123.80000305175781,782400,0.0,0.0,124.02353192572316,122.74030208255485,1.2832298431683142,1.3783681099211502
2023-03-09 00:00:00-05:00,123.86000061035156,125.05000305175781,118.55000305175781,119.62999725341797,1478200,0.0,0.0,123.34760351459929,122.50990913224842,0.8376943823508611,1.2702333644070924
2023-03-10 00:00:00-05:00,119.0999984741211,119.0999984741211,113.83000183105469,115.31999969482422,1792800,0.0,0.0,122.1125875423262,121.97732324799478,0.13526429433142084,1.0432395503919583
2023-03-13 00:00:00-04:00,112.1500015258789,115.08999633789062,109.47000122070312,111.30999755859375,2002700,0.0,0.0,120.45065062175198,121.1871509747058,-0.7365003529538257,0.6872915697228016
2023-03-14 00:00:00-04:00,115.06999969482422,119.45999908447266,114.19000244140625,116.23999786376953,1517200,0.0,0.0,119.80285788975468,120.82069518871052,-1.0178372989558397,0.3462657959870733
2023-03-15 00:00:00-04:00,112.4000015258789,117.87999725341797,109.76000213623047,117.43000030517578,2593700,0.0,0.0,119.43780287674252,120.56953260474498,-1.1317297280024547,0.050666691189167695
2023-03-16 00:00:00-04:00,116.31999969482422,122.08000183105469,115.80000305175781,121.26000213623047,1687500,0.0,0.0,119.71814122435606,120.62067849596613,-0.9025372716100719,-0.13997410137068023
2023-03-17 00:00:00-04:00,120.5999984741211,120.6500015258789,117.87000274658203,119.91999816894531,1551600,0.0,0.0,119.74919613890825,120.56877624952014,-0.819580110611895,-0.2758953032189232
2023-03-20 00:00:00-04:00,121.44999694824219,122.27999877929688,117.58999633789062,118.58999633789062,1076400,0.0,0.0,119.57085770798246,120.4221999597698,-0.8513422517873437,-0.3909846929326073
2023-03-21 00:00:00-04:00,121.55999755859375,126.19999694824219,121.2699966430664,122.0199966430664,1746600,0.0,0.0,119.94764831337999,120.54055526964362,-0.5929069562636329,-0.43136914559881245
2023-03-22 00:00:00-04:00,121.2699966430664,122.16999816894531,115.86000061035156,115.9000015258789,1164000,0.0,0.0,119.3249334229952,120.19681054788326,-0.8718771248880586,-0.5194707414566617
2023-03-23 00:00:00-04:00,117.5,124.11000061035156,117.01000213623047,120.87999725341797,1545400,0.0,0.0,119.564174012291,120.24741697051547,-0.6832429582244686,-0.5522251848102231
2023-03-24 00:00:00-04:00,118.98999786376953,119.55000305175781,115.56999969482422,118.3499984741211,1004700,0.0,0.0,119.37737777564948,120.10686745226404,-0.7294896766145627,-0.587678083171091
2023-03-27 00:00:00-04:00,119.83000183105469,119.83000183105469,115.23999786376953,117.33999633789062,1073100,0.0,0.0,119.06393447753273,119.90191403638454,-0.8379795588518135,-0.6377383783072356
2023-03-28 00:00:00-04:00,118.12000274658203,119.4000015258789,115.9800033569336,117.98999786376953,773000,0.0,0.0,118.8987134600307,119.76029061619083,-0.8615771561601235,-0.6825061338778132
2023-03-29 00:00:00-04:00,120.30999755859375,120.55000305175781,117.31999969482422,119.26000213623047,1043900,0.0,0.0,118.9542963332922,119.72323221026784,-0.7689358769756325,-0.6997920824973771
2023-03-30 00:00:00-04:00,121.54000091552734,125.36000061035156,121.31999969482422,125.05999755859375,2264200,0.0,0.0,119.89363498333859,120.11854816199568,-0.22491317865708993,-0.6048163017293198
2023-03-31 00:00:00-04:00,126.04000091552734,130.8000030517578,125.8499984741211,126.44000244140625,1736700,0.0,0.0,120.90076843842593,120.5868040345446,0.31396440388132874,-0.4210601606071901
2023-04-03 00:00:00-04:00,125.62999725341797,128.77000427246094,125.25,128.6699981689453,1065400,0.0,0.0,122.09603455081353,121.18555915561132,0.9104753952022122,-0.15475304944530963
2023-04-04 00:00:00-04:00,129.5800018310547,129.58999633789062,124.5999984741211,127.0199966430664,1180900,0.0,0.0,122.8535671803909,121.61773971023763,1.2358274701532679,0.12336305447440588
2023-04-05 00:00:00-04:00,125.22000122070312,125.91999816894531,121.04000091552734,123.58000183105469,1334600,0.0,0.0,122.9653263574161,121.76309245992779,1.2022338974883127,0.33913722307718724
2023-04-06 00:00:00-04:00,122.55000305175781,122.80000305175781,119.61000061035156,121.86000061035156,714000,0.0,0.0,122.7952762424831,121.77027084144066,1.025005401042435,0.4763108586702368
2023-04-10 00:00:00-04:00,121.33999633789062,128.17999267578125,120.77999877929688,127.97000122070312,1226300,0.0,0.0,123.59138777759387,122.22951012879344,1.36187764880043,0.6534242166962755
2023-04-11 00:00:00-04:00,128.16000366210938,129.13999938964844,125.05999755859375,128.07000732421875,1147500,0.0,0.0,124.2804061693823,122.66213955067678,1.618266618705519,0.8463926970981241
2023-04-12 00:00:00-04:00,129.4600067138672,130.41000366210938,126.0,126.19000244140625,970800,0.0,0.0,124.57419021123214,122.92346272776786,1.65072748346428,1.0072596543713555
2023-04-13 00:00:00-04:00,128.0,131.27999877929688,126.87999725341797,130.77999877929688,909000,0.0,0.0,125.5289299909344,123.50542836121446,2.023501629719945,1.2105080494410734
2023-04-14 00:00:00-04:00,131.4499969482422,134.8000030517578,131.00999450683594,134.3000030517578,1256200,0.0,0.0,126.8783258464457,124.30502648643989,2.5732993600058194,1.4830663115540226
2023-04-17 00:00:00-04:00,135.5500030517578,140.16000366210938,135.35000610351562,139.0399932861328,1980600,0.0,0.0,128.74935160639757,125.39650550863936,3.352846097758203,1.8570222687948588
2023-04-18 00:00:00-04:00,140.60000610351562,145.19000244140625,138.9199981689453,143.75,1923600,0.0,0.0,131.0571436669518,126.75602361911052,4.301120047841266,2.3458418246041406
2023-04-19 00:00:00-04:00,142.69000244140625,146.22999572753906,142.00999450683594,144.3699951171875,1691000,0.0,0.0,133.10527465929576,128.0607622485977,5.044512410698047,2.885575941822922
2023-04-20 00:00:00-04:00,142.3300018310547,146.85000610351562,142.1199951171875,145.72999572753906,1189400,0.0,0.0,135.0475394390255,129.36959435814893,5.677945080876583,3.4440497696336543
2023-04-21 00:00:00-04:00,145.8300018310547,148.17999267578125,144.07000732421875,147.17999267578125,1055800,0.0,0.0,136.9140707062187,130.688883122418,6.225187583800704,4.000277332467064
2023-04-24 00:00:00-04:00,146.67999267578125,151.32000732421875,146.67999267578125,151.1300048828125,1947600,0.0,0.0,139.10113750261775,132.2030402898546,6.898097212763133,4.579841308526278
2023-04-25 00:00:00-04:00,149.05999755859375,150.55999755859375,144.72999572753906,145.3300018310547,1457300,0.0,0.0,140.05942432237728,133.17540781142498,6.884016510952307,5.040676349011484
2023-04-26 00:00:00-04:00,145.35000610351562,150.27999877929688,143.8300018310547,147.77999877929688,2089000,0.0,0.0,141.24720500805722,134.25722936460068,6.989975643456546,5.430536207900497
2023-04-27 00:00:00-04:00,135.8000030517578,136.5,116.61000061035156,124.31999969482422,10529500,0.0,0.0,138.64301957525214,133.52113827795057,5.12188129730157,5.3688052257807115
2023-04-28 00:00:00-04:00,123.01000213623047,124.80000305175781,118.52999877929688,123.66999816894531,3114100,0.0,0.0,136.33947782043572,132.79142419580202,3.5480536246336953,5.004654905551309
2023-05-01 00:00:00-04:00,123.87999725341797,125.5,119.44000244140625,120.9800033569336,1744900,0.0,0.0,133.9764817491277,131.9165041336636,2.059977615464078,4.415719447533863
2023-05-02 00:00:00-04:00,120.66999816894531,120.73999786376953,116.5,120.16000366210938,1668700,0.0,0.0,131.85086973574025,131.04565224688182,0.8052174888584318,3.6936190557987767
2023-05-03 00:00:00-04:00,119.83999633789062,121.93000030517578,118.83000183105469,120.12999725341797,1526700,0.0,0.0,130.04765858461374,130.23708521032893,-0.18942662571518554,2.9170099194959844
2023-05-04 00:00:00-04:00,119.08000183105469,119.61000061035156,109.4000015258789,109.8499984741211,2266700,0.0,0.0,126.94032625992257,128.7269306372765,-1.7866043773539246,1.976287060126003
2023-05-05 00:00:00-04:00,111.69999694824219,115.61000061035156,110.04000091552734,114.4800033569336,1534700,0.0,0.0,125.02335350561658,127.67160269058444,-2.6482491849678524,1.0513798111072319
2023-05-08 00:00:00-04:00,115.11000061035156,117.08000183105469,113.52999877929688,116.75,1197900,0.0,0.0,123.75052988936788,126.86259508387448,-3.1120651945065987,0.21869080998446577
2023-05-09 00:00:00-04:00,115.02999877929688,117.06999969482422,113.36000061035156,116.91000366210938,1312300,0.0,0.0,122.69814123902043,126.12536608966967,-3.427224850649239,-0.5104923221422752
2023-05-10 00:00:00-04:00,118.68000030517578,119.04000091552734,114.37000274658203,116.45999908447266,1151000,0.0,0.0,121.73842706139769,125.40941297817359,-3.670985916775905,-1.1425910410690012
2023-05-11 00:00:00-04:00,116.19999694824219,117.5999984741211,114.68000030517578,116.80000305175781,883100,0.0,0.0,120.9786695214531,124.7716789095502,-3.7930093880971043,-1.672674710474622
2023-05-12 00:00:00-04:00,117.30000305175781,118.61000061035156,113.9000015258789,115.4000015258789,752600,0.0,0.0,120.12041290674938,124.07748058483381,-3.957067678084428,-2.129553303996583
2023-05-15 00:00:00-04:00,117.30000305175781,120.33999633789062,116.16999816894531,118.38999938964844,1093200,0.0,0.0,119.85419544258,123.65618568148673,-3.8019902389067397,-2.4640406909786146
2023-05-16 00:00:00-04:00,117.3499984741211,117.3499984741211,113.4000015258789,113.44999694824219,1420700,0.0,0.0,118.86893413575879,122.90017170124639,-4.031237565487601,-2.777480065880412
2023-05-17 00:00:00-04:00,113.7300033569336,116.9000015258789,111.66999816894531,116.66999816894531,1235600,0.0,0.0,118.53063629471056,122.43867736552039,-3.90804107080983,-3.0035922668662955
2023-05-18 00:00:00-04:00,116.37999725341797,118.73999786376953,114.76000213623047,115.37000274658203,1064100,0.0,0.0,118.04438497961385,121.91507183819164,-3.870686858577784,-3.1770111852085936
2023-05-19 00:00:00-04:00,113.5,113.5,107.80000305175781,109.0,3238500,0.0,0.0,116.65294113659634,120.95839985017744,-4.305458713581103,-3.4027006908830955
2023-05-22 00:00:00-04:00,109.20999908447266,110.20999908447266,106.5,107.11000061035156,1900000,0.0,0.0,115.18479644025098,119.93259249907923,-4.747796058828257,-3.6717197644721282
2023-05-23 00:00:00-04:00,107.16999816894531,107.66000366210938,104.91000366210938,106.13999938964844,1551900,0.0,0.0,113.79328920169675,118.9109189354177,-5.117629733720946,-3.960901758321892
2023-05-24 00:00:00-04:00,105.94999694824219,106.44000244140625,102.70999908447266,104.08999633789062,1413700,0.0,0.0,112.30047491495735,117.81307281708236,-5.512597902125009,-4.271240987082516
2023-05-25 00:00:00-04:00,104.3499984741211,108.91999816894531,101.6500015258789,104.31999969482422,2955100,0.0,0.0,111.07270949647533,116.81358591913731,-5.740876422661984,-4.56516807419841
2023-05-26 00:00:00-04:00,104.19999694824219,108.41000366210938,103.36000061035156,106.73999786376953,1416700,0.0,0.0,110.40613847605904,116.0673942113323,-5.661255735273258,-4.78438560641338
2023-05-30 00:00:00-04:00,108.12000274658203,114.62999725341797,108.0,114.33000183105469,2157400,0.0,0.0,111.00980976144298,115.93869847945989,-4.928888718016907,-4.813286228734086
2023-05-31 00:00:00-04:00,112.94000244140625,113.30000305175781,110.11000061035156,112.27999877929688,2070800,0.0,0.0,111.20522345649742,115.66768368685521,-4.462460230357792,-4.743121029058827
2023-06-01 00:00:00-04:00,111.16000366210938,111.5999984741211,104.06999969482422,105.16000366210938,2094700,0.0,0.0,110.27518964197618,114.88933701835552,-4.614147376379336,-4.717326298522929
2023-06-02 00:00:00-04:00,107.83000183105469,110.58000183105469,105.25,110.04000091552734,1848600,0.0,0.0,110.23900676098405,114.53012693666454,-4.29112017568049,-4.632085073954442
2023-06-05 00:00:00-04:00,110.04000091552734,110.38999938964844,107.25,109.66000366210938,1046900,0.0,0.0,110.14992936115718,114.16937706447527,-4.019447703318093,-4.509557599827172
2023-06-06 00:00:00-04:00,109.66000366210938,116.02999877929688,109.4800033569336,115.95999908447266,1795600,0.0,0.0,111.04378624166725,114.30201573262322,-3.2582294909559693,-4.259291978052931
2023-06-07 00:00:00-04:00,115.5999984741211,122.81999969482422,114.9000015258789,121.08999633789062,2568500,0.0,0.0,112.58935702570162,114.80482911079118,-2.2154720850895586,-3.850527999460257
2023-06-08 00:00:00-04:00,120.61000061035156,122.19999694824219,115.81999969482422,116.56999969482422,1193900,0.0,0.0,113.20176359018203,114.93558248738621,-1.7338188972041877,-3.427186179009043
2023-06-09 00:00:00-04:00,117.48999786376953,119.9800033569336,115.97000122070312,116.19000244140625,1033100,0.0,0.0,113.66149264421652,115.02850248398029,-1.3670098397637673,-3.0151509111599877
2023-06-12 00:00:00-04:00,117.0,117.83999633789062,114.81999969482422,115.61000061035156,1200300,0.0,0.0,113.961263100545,115.07157641926705,-1.1103133187220493,-2.6341833926724
2023-06-13 00:00:00-04:00,116.70999908447266,117.83000183105469,114.38999938964844,114.80000305175781,1480800,0.0,0.0,114.0903000161162,115.05145987352562,-0.9611598574094131,-2.2995786856198026
2023-06-14 00:00:00-04:00,114.77999877929688,116.4800033569336,112.61000061035156,114.72000122070312,1505300,0.0,0.0,114.18717712451419,115.02690738072396,-0.8397302562097622,-2.0076089997377946
2023-06-15 00:00:00-04:00,113.16999816894531,115.72000122070312,112.5,115.08999633789062,908900,0.0,0.0,114.32607238811056,115.03158063681038,-0.7055082486998145,-1.7471888495301986
2023-06-16 00:00:00-04:00,116.38999938964844,116.61000061035156,109.56999969482422,109.94999694824219,2169900,0.0,0.0,113.6528300127462,114.65516703024977,-1.002337017503578,-1.5982184831248747
2023-06-20 00:00:00-04:00,109.19000244140625,109.37999725341797,104.13999938964844,105.94999694824219,2634200,0.0,0.0,112.46777877205326,114.01033961676772,-1.5425608447144583,-1.5870869554427913
2023-06-21 00:00:00-04:00,105.94999694824219,110.2300033569336,105.48999786376953,108.58000183105469,1882400,0.0,0.0,111.86965924266886,113.60809237338157,-1.738433130712707,-1.6173561904967744
2023-06-22 00:00:00-04:00,108.22000122070312,109.43000030517578,106.55999755859375,107.05999755859375,1223500,0.0,0.0,111.1297112912727,113.12304831302691,-1.9933370217542148,-1.6925523567482625
2023-06-23 00:00:00-04:00,105.44999694824219,107.79000091552734,104.5999984741211,106.01000213623047,8150000,0.0,0.0,110.34206372895851,112.59615600363459,-2.2540922746760828,-1.8048603403338266
2023-06-26 00:00:00-04:00,106.69000244140625,110.3499984741211,104.70999908447266,104.79000091552734,1483900,0.0,0.0,109.48790021919987,112.01792229340442,-2.5300220742045525,-1.949892687107972
2023-06-27 00:00:00-04:00,106.01000213623047,109.19999694824219,106.01000213623047,107.08000183105469,1418900,0.0,0.0,109.11745431333138,111.65215040730445,-2.534696093973068,-2.0668533684809915
2023-06-28 00:00:00-04:00,107.04000091552734,107.58999633789062,105.08000183105469,107.12999725341797,1601200,0.0,0.0,108.81169168872931,111.31717609960916,-2.505484410879845,-2.1545795769607623
2023-06-29 00:00:00-04:00,108.20999908447266,110.66999816894531,107.48999786376953,108.20999908447266,1112700,0.0,0.0,108.71912359576675,111.08701483922867,-2.3678912434619264,-2.197241910260995
2023-06-30 00:00:00-04:00,109.0,113.02999877929688,107.7300033569336,112.44000244140625,1431700,0.0,0.0,109.29156649509589,111.18723614309367,-1.895669647997778,-2.1369274578083517
2023-07-03 00:00:00-04:00,113.23999786376953,117.33999633789062,113.23999786376953,117.05999755859375,1219100,0.0,0.0,110.48670973563402,111.62225550720478,-1.1355457715707615,-1.9366511205608339
2023-07-05 00:00:00-04:00,116.19999694824219,116.37000274658203,114.13999938964844,114.26000213623047,1269700,0.0,0.0,111.0672162588027,111.81764414639187,-0.7504278875891686,-1.699406473966501
2023-07-06 00:00:00-04:00,112.12999725341797,113.0999984741211,109.11000061035156,111.43000030517578,1851900,0.0,0.0,111.12302918901393,111.78892978778327,-0.6659005987693405,-1.4927052989270688
2023-07-07 00:00:00-04:00,111.43000030517578,113.58999633789062,110.97000122070312,112.43000030517578,1559600,0.0,0.0,111.32410166842345,111.83641649277531,-0.5123148243518614,-1.2966272040120275
2023-07-10 00:00:00-04:00,112.76000213623047,117.73999786376953,112.44999694824219,117.37000274658203,1591300,0.0,0.0,112.25424029583246,112.24631177083506,0.00792852499739638,-1.0357160582101428
2023-07-11 00:00:00-04:00,118.0,121.41999816894531,117.16999816894531,120.44000244140625,1584700,0.0,0.0,113.51358831822844,112.853251820507,0.6603364977214454,-0.6965055470238252
2023-07-12 00:00:00-04:00,122.97000122070312,126.68000030517578,122.1500015258789,126.41999816894531,1834000,0.0,0.0,115.49918983372334,113.85819599446539,1.6409938392579448,-0.22900566976747116
2023-07-13 00:00:00-04:00,127.7300033569336,129.88999938964844,123.76000213623047,125.98999786376953,1786100,0.0,0.0,117.11316029988429,114.75684798478422,2.3563123151000696,0.288057927206037
2023-07-14 00:00:00-04:00,125.98999786376953,126.77999877929688,123.5199966430664,124.04000091552734,1370000,0.0,0.0,118.1788280869063,115.44448894261704,2.734339144289251,0.7773141706226798
2023-07-17 00:00:00-04:00,124.06999969482422,127.48999786376953,122.3499984741211,127.0999984741211,1183900,0.0,0.0,119.55131583878548,116.30786001902476,3.243455819760726,1.270542500450289
2023-07-18 00:00:00-04:00,126.83000183105469,128.85000610351562,125.1500015258789,127.33999633789062,1285800,0.0,0.0,120.74957437710935,117.12505530190371,3.62451907520564,1.7413378154013595
2023-07-19 00:00:00-04:00,128.4499969482422,130.36000061035156,127.22000122070312,129.88999938964844,1115700,0.0,0.0,122.15579360980767,118.07060671581074,4.085186893996934,2.2101076311204744
2023-07-20 00:00:00-04:00,129.67999267578125,129.67999267578125,121.7699966430664,121.83999633789062,1702800,0.0,0.0,122.10720941412812,118.34982076189074,3.757388652237381,2.519563835343856
2023-07-21 00:00:00-04:00,124.05000305175781,125.62999725341797,122.62000274658203,122.80999755859375,1105100,0.0,0.0,122.21533066712283,118.68020422831319,3.535126438809641,2.722676356037013
2023-07-24 00:00:00-04:00,123.81999969482422,126.41999816894531,122.13999938964844,122.66000366210938,1571300,0.0,0.0,122.28374189712075,118.97500418637216,3.308737710748588,2.839888626979328
2023-07-25 00:00:00-04:00,122.58000183105469,124.69000244140625,121.69000244140625,121.87000274658203,1479800,0.0,0.0,122.2200897201148,119.18944852416547,3.030641195949329,2.8780391407733283
2023-07-26 00:00:00-04:00,121.0,122.55000305175781,118.38999938964844,119.80000305175781,2410900,0.0,0.0,121.84776869421373,119.2346747854686,2.613093908745128,2.8250500943676884
2023-07-27 00:00:00-04:00,110.37999725341797,111.13999938964844,101.01000213623047,102.30000305175781,10487000,0.0,0.0,118.84042013383589,117.98025465704558,0.8601654767903142,2.4320731708522136
2023-07-28 00:00:00-04:00,105.16000366210938,108.76000213623047,103.70999908447266,108.13999938964844,4591000,0.0,0.0,117.19420155780706,117.25134685946061,-0.057145301653548586,1.9342294763510612
2023-07-31 00:00:00-04:00,108.48999786376953,108.69000244140625,105.91000366210938,108.3499984741211,3093500,0.0,0.0,115.83355492954767,116.59198771980583,-0.7584327902581549,1.3956970230292183
2023-08-01 00:00:00-04:00,107.08999633789062,108.0,105.80000305175781,107.0,1674700,0.0,0.0,114.47454647884804,115.88147011093132,-1.4069236320832772,0.8351728920067193
2023-08-02 00:00:00-04:00,105.83000183105469,106.37000274658203,102.83000183105469,104.30000305175781,2135800,0.0,0.0,112.90923210544953,115.02358366210366,-2.114351556654128,0.2452680022745498
2023-08-03 00:00:00-04:00,104.79000091552734,105.76000213623047,103.36000061035156,103.7699966430664,1788400,0.0,0.0,111.50319588046752,114.18998462365646,-2.6867887431889415,-0.3411433468181484
2023-08-04 00:00:00-04:00,105.12999725341797,108.25,104.47000122070312,105.91000366210938,2301600,0.0,0.0,110.64270476995088,113.57665270057889,-2.9339479306280083,-0.8597042635801204
2023-08-07 00:00:00-04:00,106.16000366210938,106.79000091552734,103.30000305175781,104.4800033569336,1384600,0.0,0.0,109.69459686025593,112.90282682327182,-3.2082299630158957,-1.3294094034672757
2023-08-08 00:00:00-04:00,102.38999938964844,104.23999786376953,101.20999908447266,104.05999755859375,1646900,0.0,0.0,108.82773542923097,112.24780243329567,-3.4200670040647054,-1.7475409235867616
2023-08-09 00:00:00-04:00,103.19999694824219,104.37999725341797,101.7300033569336,102.94999694824219,1061000,0.0,0.0,107.92346797061731,111.5590761010695,-3.6356081304521837,-2.125154364959846
2023-08-10 00:00:00-04:00,103.37999725341797,106.19000244140625,102.11000061035156,103.0,1379800,0.0,0.0,107.1660113597531,110.92507046395323,-3.7590591042001336,-2.4519353128079038
2023-08-11 00:00:00-04:00,102.0999984741211,102.55999755859375,99.95999908447266,100.58999633789062,1511100,0.0,0.0,106.15431674100502,110.15950941757822,-4.005192676573202,-2.7625867855609636
2023-08-14 00:00:00-04:00,101.9800033569336,102.0199966430664,98.2699966430664,99.22000122070312,1912400,0.0,0.0,105.08749896865088,109.34917547706895,-4.261676508418077,-3.0624047301323865
2023-08-15 00:00:00-04:00,98.25,99.2300033569336,97.08000183105469,97.80000305175781,1967400,0.0,0.0,103.96634575066733,108.49368122334221,-4.527335472674878,-3.355390878640885
2023-08-16 00:00:00-04:00,97.79000091552734,98.44999694824219,93.87000274658203,94.01000213623047,2570800,0.0,0.0,102.43460057921551,107.42081610577839,-4.986215526562873,-3.6815558082252826
2023-08-17 00:00:00-04:00,94.1500015258789,95.30999755859375,92.37999725341797,92.47000122070312,2417900,0.0,0.0,100.90158529329054,106.31334833651354,-5.411763043223004,-4.027597255224827
2023-08-18 00:00:00-04:00,91.25,95.0,91.13999938964844,94.80000305175781,1819900,0.0,0.0,99.96288033305474,105.46050794505015,-5.497627611995412,-4.321603326578945
2023-08-21 00:00:00-04:00,95.88999938964844,98.69999694824219,95.62999725341797,98.08000183105469,1850100,0.0,0.0,99.67320671736242,104.9138037884579,-5.240597071095479,-4.505402075482252
2023-08-22 00:00:00-04:00,96.6500015258789,98.94999694824219,96.51000213623047,98.51000213623047,1642500,0.0,0.0,99.49425216641905,104.43944811051513,-4.945195944096085,-4.593360849205019
2023-08-23 00:00:00-04:00,95.36000061035156,100.4000015258789,94.81999969482422,99.20999908447266,1755500,0.0,0.0,99.45052092304267,104.05208151599346,-4.60156059295079,-4.595000797954174
2023-08-24 00:00:00-04:00,99.16000366210938,99.55999755859375,94.80999755859375,95.0999984741211,1485200,0.0,0.0,98.78120977705474,103.38896425363254,-4.607754476577796,-4.597551533678899
2023-08-25 00:00:00-04:00,95.77999877929688,96.76000213623047,93.94000244140625,95.55999755859375,974400,0.0,0.0,98.28563866652227,102.80904079474078,-4.523402128218507,-4.58272165258682
2023-08-28 00:00:00-04:00,96.23999786376953,97.3499984741211,95.97000122070312,96.83999633789062,1178900,0.0,0.0,98.0632321544251,102.36688935349261,-4.303657199067516,-4.52690876188296
2023-08-29 00:00:00-04:00,96.4000015258789,97.69000244140625,95.61000061035156,97.3499984741211,961400,0.0,0.0,97.95350389591678,101.99526780687249,-4.041763910955709,-4.42987979169751
2023-08-30 00:00:00-04:00,97.66999816894531,98.30999755859375,95.63999938964844,96.83999633789062,917500,0.0,0.0,97.78219504083583,101.61339584620717,-3.8312008053713384,-4.310143994432276
2023-08-31 00:00:00-04:00,96.83999633789062,98.79000091552734,96.83999633789062,97.33999633789062,853300,0.0,0.0,97.71416447115195,101.29684773448001,-3.5826832633280645,-4.164651848211434
2023-09-01 00:00:00-04:00,98.69000244140625,100.41999816894531,98.4800033569336,99.86000061035156,1010000,0.0,0.0,98.04429310795189,101.1904146141742,-3.1461215062223147,-3.96094577981361
2023-09-05 00:00:00-04:00,99.70999908447266,100.0,96.95999908447266,98.38999938964844,1079200,0.0,0.0,98.09747868975136,100.98297644939451,-2.885497759643158,-3.7458561757795197
2023-09-06 00:00:00-04:00,98.0,98.91999816894531,96.30999755859375,96.36000061035156,1185200,0.0,0.0,97.83017436984369,100.6405337946506,-2.8103594248069044,-3.558756825584997
2023-09-07 00:00:00-04:00,93.4800033569336,97.1500015258789,92.29000091552734,96.27999877929688,1822100,0.0,0.0,97.59168581745188,100.3175312009207,-2.7258453834688225,-3.3921745371617624
2023-09-08 00:00:00-04:00,96.27999877929688,96.47000122070312,93.26000213623047,93.37000274658203,1034700,0.0,0.0,96.94219611424114,99.80289946356228,-2.860703349321142,-3.2858802995936385
2023-09-11 00:00:00-04:00,94.29000091552734,95.41000366210938,92.36000061035156,92.75,978100,0.0,0.0,96.29724286589635,99.28046246626137,-2.983219600365018,-3.225348159747915
2023-09-12 00:00:00-04:00,92.2699966430664,93.4800033569336,91.75,91.86000061035156,844600,0.0,0.0,95.61459021119715,98.73079862508285,-3.116208413885701,-3.2035202105754723
2023-09-13 00:00:00-04:00,91.69999694824219,91.91000366210938,87.12000274658203,89.51000213623047,2033800,0.0,0.0,94.67542281504844,98.04777666294564,-3.3723538478972017,-3.2372869380398184
2023-09-14 00:00:00-04:00,90.66000366210938,90.7699966430664,88.23999786376953,90.72000122070312,1153400,0.0,0.0,94.06689641591838,97.5049784820388,-3.4380820661204154,-3.277445963655938
2023-09-15 00:00:00-04:00,90.11000061035156,90.66000366210938,87.2699966430664,87.98999786376953,3329400,0.0,0.0,93.13198894635701,96.80016510290773,-3.6681761565507145,-3.3555920022348937
2023-09-18 00:00:00-04:00,87.76000213623047,88.9800033569336,86.62999725341797,87.62000274658203,1505900,0.0,0.0,92.28399106946856,96.12015307651323,-3.8361620070446776,-3.4517060031968505
2023-09-19 00:00:00-04:00,88.04000091552734,90.36000061035156,88.0,89.68000030517578,1632000,0.0,0.0,91.88337710573121,95.64310472308082,-3.7597276173496113,-3.5133103260274026
2023-09-20 00:00:00-04:00,90.06999969482422,90.69999694824219,87.88999938964844,87.94000244140625,910600,0.0,0.0,91.27670408045044,95.07250455406789,-3.7958004736174473,-3.569808355545412
2023-09-21 00:00:00-04:00,86.7699966430664,87.5,86.0,86.08000183105469,1073700,0.0,0.0,90.47721142669725,94.40639324125209,-3.9291818145548376,-3.641683047347297
2023-09-22 00:00:00-04:00,87.23999786376953,87.52999877929688,85.44999694824219,86.44999694824219,784100,0.0,0.0,89.85763996847339,93.81703055288098,-3.9593905844075863,-3.705224554759355
2023-09-25 00:00:00-04:00,85.52999877929688,86.79000091552734,85.01000213623047,86.30999755859375,880400,0.0,0.0,89.31184882849192,93.26095403478563,-3.9491052062937086,-3.754000685066226
2023-09-26 00:00:00-04:00,85.51000213623047,86.4000015258789,83.79000091552734,83.86000061035156,1115900,0.0,0.0,88.47310294877802,92.56458711445718,-4.091484165679162,-3.8214973811888133
2023-09-27 00:00:00-04:00,84.4000015258789,85.87000274658203,83.38999938964844,84.55999755859375,1074500,0.0,0.0,87.87108673490351,91.97165455476359,-4.100567819860075,-3.877311468923066
2023-09-28 00:00:00-04:00,84.72000122070312,85.91000366210938,83.73999786376953,85.87000274658203,1270500,0.0,0.0,87.56322765977713,91.51968034675015,-3.956452686973023,-3.893139712533057
2023-09-29 00:00:00-04:00,89.81999969482422,90.62999725341797,87.48999786376953,88.2300033569336,1800500,0.0,0.0,87.66580853626274,91.2760005697267,-3.61019203346396,-3.8365501767192383
2023-10-02 00:00:00-04:00,88.2300033569336,89.9800033569336,87.80000305175781,87.87999725341797,1461900,0.0,0.0,87.69876064659431,91.02444476851865,-3.32568412192434,-3.7343769657602586
2023-10-03 00:00:00-04:00,86.94000244140625,87.41999816894531,84.5,85.94000244140625,1339300,0.0,0.0,87.42818246118075,90.64781941095477,-3.2196369497740136,-3.63142896256301
2023-10-04 00:00:00-04:00,85.1500015258789,86.19000244140625,83.63999938964844,85.48999786376953,1437200,0.0,0.0,87.13000021542517,90.26575855560772,-3.135758340182548,-3.532294838086918
2023-10-05 00:00:00-04:00,85.7300033569336,86.56999969482422,83.91999816894531,84.2699966430664,993100,0.0,0.0,86.68999966583151,89.82162804356763,-3.1316283777361207,-3.4521615460167583
2023-10-06 00:00:00-04:00,83.33000183105469,85.69999694824219,82.75,84.81999969482422,926400,0.0,0.0,86.40230736259961,89.45113705477182,-3.0488296921722053,-3.371495175247848
2023-10-09 00:00:00-04:00,83.69000244140625,85.62000274658203,82.58999633789062,85.19999694824219,946300,0.0,0.0,86.21733652962155,89.13623778762147,-2.91890125799992,-3.2809763917982626
2023-10-10 00:00:00-04:00,85.66000366210938,88.05999755859375,85.48999786376953,86.94000244140625,1042600,0.0,0.0,86.32851590066535,88.97355368790183,-2.6450377872364754,-3.153788670885905
2023-10-11 00:00:00-04:00,86.80000305175781,87.88999938964844,85.22000122070312,86.58000183105469,1068200,0.0,0.0,86.36720604380218,88.79625355035759,-2.4290475065554062,-3.0088404380198055
2023-10-12 00:00:00-04:00,87.9000015258789,88.5199966430664,84.58999633789062,84.80000305175781,1370300,0.0,0.0,86.12609789117997,88.50023499490575,-2.3741371037257863,-2.881899771161002
2023-10-13 00:00:00-04:00,84.77999877929688,84.77999877929688,82.25,82.7300033569336,1161700,0.0,0.0,85.60362180898822,88.07281042913003,-2.469188620141807,-2.799357540957163
2023-10-16 00:00:00-04:00,83.19999694824219,86.4800033569336,83.19000244140625,85.7300033569336,1610500,0.0,0.0,85.62306512405675,87.89926916452289,-2.2762040404661406,-2.6947268408589586
2023-10-17 00:00:00-04:00,85.58999633789062,88.98999786376953,85.58999633789062,87.2300033569336,1600500,0.0,0.0,85.87028639065319,87.84969391951628,-1.9794075288630921,-2.5516629784597855
2023-10-18 00:00:00-04:00,86.18000030517578,86.97000122070312,85.05000305175781,85.30000305175781,1209600,0.0,0.0,85.7825504923616,87.66082792931195,-1.8782774369503556,-2.4169858701578995
2023-10-19 00:00:00-04:00,85.30000305175781,86.30999755859375,84.13999938964844,84.44999694824219,1292800,0.0,0.0,85.57754225480475,87.42298859738085,-1.8454463425760963,-2.3026779646415387
2023-10-20 00:00:00-04:00,86.80000305175781,88.5199966430664,85.05999755859375,85.55999755859375,1290000,0.0,0.0,85.5748430707723,87.2849892611744,-1.7101461904020994,-2.1841716097936508
2023-10-23 00:00:00-04:00,85.27999877929688,86.31999969482422,84.27999877929688,84.8499984741211,1087600,0.0,0.0,85.46332851744134,87.10461957324453,-1.641291055803194,-2.0755954989955594
2023-10-24 00:00:00-04:00,86.2699966430664,89.91999816894531,86.2699966430664,89.16000366210938,1539800,0.0,0.0,86.0320477704672,87.25687024649379,-1.2248224760265884,-1.9054408944017651
2023-10-25 00:00:00-04:00,88.88999938964844,89.4000015258789,87.47000122070312,87.5199966430664,1076300,0.0,0.0,86.26096298163631,87.27636109068435,-1.0153981090480357,-1.7274323373310194
2023-10-26 00:00:00-04:00,87.16000366210938,88.68000030517578,85.70999908447266,86.3499984741211,1271700,0.0,0.0,86.2746607497109,87.2077416376056,-0.9330808878946897,-1.5685620474437536
2023-10-27 00:00:00-04:00,87.08000183105469,89.55000305175781,85.83999633789062,85.9800033569336,1113300,0.0,0.0,86.22932884312978,87.11679806125952,-0.8874692181297377,-1.4323434815809506
2023-10-30 00:00:00-04:00,87.0,88.83999633789062,87.0,87.4800033569336,1242600,0.0,0.0,86.4217403067919,87.14370215723538,-0.7219618504434777,-1.2902671553534562
2023-10-31 00:00:00-04:00,87.4000015258789,90.02999877929688,87.4000015258789,89.31999969482422,1398500,0.0,0.0,86.86762636648919,87.30490938224196,-0.43728301575276873,-1.1196703274333186
2023-11-01 00:00:00-04:00,89.31999969482422,89.66999816894531,84.69000244140625,87.41000366210938,2640300,0.0,0.0,86.95106902735384,87.31269414371361,-0.36162511635977523,-0.9680612852186099
2023-11-02 00:00:00-04:00,74.19999694824219,82.8499984741211,74.0,82.79000091552734,6414400,0.0,0.0,86.31090470245745,86.97767983051463,-0.6667751280571821,-0.9078040537863243
2023-11-03 00:00:00-04:00,84.0,87.43000030517578,82.58999633789062,83.93000030517578,2183500,0.0,0.0,85.94461171826026,86.75192579160064,-0.807314073340379,-0.8877060576971353
2023-11-06 00:00:00-05:00,84.27999877929688,84.4800033569336,81.02999877929688,82.19999694824219,1495200,0.0,0.0,85.36851713825749,86.4147458772778,-1.0462287390203073,-0.9194105939617697
2023-11-07 00:00:00-05:00,82.29000091552734,84.47000122070312,82.19999694824219,84.4000015258789,1194500,0.0,0.0,85.21951473635309,86.26550555495196,-1.0459908185988667,-0.9447266388891891
2023-11-08 00:00:00-05:00,84.4000015258789,84.6500015258789,81.62999725341797,82.9800033569336,1322100,0.0,0.0,84.8749745241347,86.02213502176541,-1.1471604976307077,-0.9852134106374928
2023-11-09 00:00:00-05:00,83.56999969482422,83.56999969482422,79.19000244140625,79.23999786376953,1425400,0.0,0.0,84.00805503792468,85.5197544915435,-1.5116994536188173,-1.0905106192337577
2023-11-10 00:00:00-05:00,79.30000305175781,79.70999908447266,78.11000061035156,79.69000244140625,1223000,0.0,0.0,83.34373925384493,85.08792100634814,-1.7441817525032093,-1.221244845887648
2023-11-13 00:00:00-05:00,79.0999984741211,79.62999725341797,77.16000366210938,77.2699966430664,1608600,0.0,0.0,82.40931731372515,84.5088154979569,-2.0994981842317486,-1.396895513556468
2023-11-14 00:00:00-05:00,79.5,85.19000244140625,79.44000244140625,85.13999938964844,1908000,0.0,0.0,82.82942224848257,84.55556986030442,-1.726147611821844,-1.4627459332095434
2023-11-15 00:00:00-05:00,86.69000244140625,91.61000061035156,86.5,89.51000213623047,2352400,0.0,0.0,83.85720376967456,84.92256484370634,-1.0653610740317845,-1.3832689613739917
2023-11-16 00:00:00-05:00,88.5,88.97000122070312,86.73999786376953,87.81999969482422,1065100,0.0,0.0,84.46686468123603,85.13718964749285,-0.670324966256814,-1.2406801623505563
2023-11-17 00:00:00-05:00,89.48999786376953,91.5,88.58000183105469,91.18000030517578,1139200,0.0,0.0,85.49965477722677,85.58480525176566,-0.08515047453889224,-1.0095742247882236
2023-11-20 00:00:00-05:00,91.0999984741211,94.69999694824219,90.91999816894531,94.56999969482422,1506100,0.0,0.0,86.89509245685714,86.25037521051073,0.644717246346417,-0.6787159305612955
2023-11-21 00:00:00-05:00,93.87000274658203,94.48999786376953,91.83999633789062,92.5999984741211,1074300,0.0,0.0,87.77277030566698,86.72071767448186,1.05205263118512,-0.33256221821201243
2023-11-22 00:00:00-05:00,93.63999938964844,94.55999755859375,92.62999725341797,93.69999694824219,718300,0.0,0.0,88.68465132760164,87.23770132439003,1.4469500032116116,0.02334022607271241
2023-11-24 00:00:00-05:00,93.7300033569336,94.86000061035156,93.4000015258789,94.58999633789062,437500,0.0,0.0,89.59316594456918,87.78231576983453,1.8108501747346537,0.3808422158051007
2023-11-27 00:00:00-05:00,93.7300033569336,98.70999908447266,93.47000122070312,96.16000366210938,2288300,0.0,0.0,90.60344867034459,88.40288524333637,2.2005634270082197,0.7447864580457245
2023-11-28 00:00:00-05:00,99.19999694824219,101.48999786376953,97.05999755859375,101.08999633789062,2508000,0.0,0.0,92.2167636961209,89.34267125034039,2.8740924457805193,1.1706476555926835
2023-11-29 00:00:00-05:00,102.31999969482422,106.12000274658203,102.18000030517578,103.69999694824219,1983400,0.0,0.0,93.98341496567802,90.40617685759238,3.5772381080856377,1.6519657460912744
2023-11-30 00:00:00-05:00,104.0,106.02999877929688,101.7699966430664,105.61000061035156,1630500,0.0,0.0,95.77212044947395,91.53238602446343,4.239734425010511,2.169519481875122
2023-12-01 00:00:00-05:00,104.98999786376953,106.72000122070312,102.94999694824219,106.55999755859375,1696800,0.0,0.0,97.43179385087699,92.64554243439902,4.786251416477967,2.692865868795691
2023-12-04 00:00:00-05:00,106.06999969482422,107.37999725341797,104.04000091552734,105.05999755859375,1346500,0.0,0.0,98.60536365206418,93.56513170285788,5.0402319492063015,3.162339084877813
2023-12-05 00:00:00-05:00,104.31999969482422,104.55999755859375,101.66999816894531,102.19999694824219,1563800,0.0,0.0,99.15838415916849,94.20475135066413,4.953632808504366,3.520597829603124
2023-12-06 00:00:00-05:00,103.05999755859375,105.48999786376953,102.70999908447266,103.66999816894531,1037700,0.0,0.0,99.85247862221108,94.90588074461088,4.9465978776001975,3.805797839202539
2023-12-07 00:00:00-05:00,103.1500015258789,104.29000091552734,102.91999816894531,104.11000061035156,943800,0.0,0.0,100.50748200500192,95.58766740133242,4.919814603669494,4.02860119209593
2023-12-08 00:00:00-05:00,103.4000015258789,105.94999694824219,103.12999725341797,103.73999786376953,927400,0.0,0.0,101.00479213712,96.19154373188331,4.813248405236692,4.185530634724083
2023-12-11 00:00:00-05:00,103.26000213623047,105.47000122070312,103.26000213623047,104.5999984741211,651500,0.0,0.0,101.55790080435094,96.81439223130833,4.743508573042604,4.297126222387788
2023-12-12 00:00:00-05:00,106.05000305175781,106.05000305175781,103.79000091552734,104.91999816894531,922000,0.0,0.0,102.07514655275007,97.4148074859481,4.660339066801967,4.369768791270624
2023-12-13 00:00:00-05:00,104.5,107.2300033569336,102.79000091552734,106.80000305175781,1101100,0.0,0.0,102.80204755259741,98.11000715748956,4.692040395107853,4.43422311203807
2023-12-14 00:00:00-05:00,108.94000244140625,110.9000015258789,107.80000305175781,107.86000061035156,1359300,0.0,0.0,103.58019417686728,98.8322288947386,4.747965282128675,4.496971546056191
2023-12-15 00:00:00-05:00,107.93000030517578,108.93000030517578,107.04000091552734,107.11000061035156,1384200,0.0,0.0,104.12324132048025,99.4453971699692,4.677844150511049,4.533146066947163
2023-12-18 00:00:00-05:00,107.5999984741211,107.5999984741211,103.45999908447266,103.62999725341797,1479900,0.0,0.0,104.04735761785528,99.75536754652096,4.291990071334325,4.484914867824595
2023-12-19 00:00:00-05:00,104.45999908447266,106.5999984741211,104.08999633789062,105.26000213623047,1319300,0.0,0.0,104.23391831298993,100.16311825686981,4.07080005612012,4.402091905483701
2023-12-20 00:00:00-05:00,105.06999969482422,106.5,100.83000183105469,100.87999725341797,1259100,0.0,0.0,103.71793045767116,100.21622040476225,3.501710052908905,4.222015534968742
2023-12-21 00:00:00-05:00,102.61000061035156,103.91000366210938,101.55000305175781,102.33000183105469,957700,0.0,0.0,103.50440297665324,100.37279680670984,3.131606169943396,4.003933661963673
2023-12-22 00:00:00-05:00,99.69000244140625,99.80000305175781,97.08999633789062,98.18000030517578,2336600,0.0,0.0,102.68526410411825,100.21036743622584,2.474896667892409,3.6981262631494207
2023-12-26 00:00:00-05:00,98.5,98.66999816894531,96.61000061035156,96.69999694824219,1220300,0.0,0.0,101.76445377244501,99.9503399926715,1.814113779773507,3.3213237664742383
2023-12-27 00:00:00-05:00,96.75,96.95999908447266,94.19999694824219,94.51000213623047,1571000,0.0,0.0,100.64838428995047,99.54735200330549,1.1010322866449798,2.877265470508387
2023-12-28 00:00:00-05:00,94.36000061035156,95.29000091552734,93.9800033569336,95.2699966430664,1169100,0.0,0.0,99.82094003658369,99.23051086551,0.5904291710736942,2.4198982106214486
2023-12-29 00:00:00-05:00,95.0,95.94000244140625,92.87999725341797,93.41000366210938,1276800,0.0,0.0,98.8346421328184,98.79936218377662,0.035279949041779446,1.942974558305515
2024-01-02 00:00:00-05:00,92.69999694824219,95.68000030517578,92.18000030517578,93.7699966430664,1670300,0.0,0.0,98.05546590362579,98.42681658816846,-0.3713506845426764,1.4801095097358767
2024-01-03 00:00:00-05:00,92.12000274658203,92.22000122070312,88.43000030517578,88.69000244140625,2243500,0.0,0.0,96.61462537097663,97.70557109581571,-1.090945724839088,0.9658984628208839
2024-01-04 00:00:00-05:00,88.19000244140625,91.19999694824219,87.91000366210938,89.77999877929688,2094700,0.0,0.0,95.56314435687206,97.11849166496248,-1.5553473080904183,0.4616493086386234
2024-01-05 00:00:00-05:00,89.0,89.4800033569336,85.70999908447266,86.45999908447266,2856300,0.0,0.0,94.1626604688106,96.32897369603731,-2.166313227226709,-0.06394319853444314
2024-01-08 00:00:00-05:00,98.5,104.8499984741211,96.0199966430664,104.02999877929688,7258000,0.0,0.0,95.68071251657773,96.89941999850097,-1.2187074819232464,-0.2948960552122038
2024-01-09 00:00:00-05:00,103.3499984741211,104.13999938964844,100.11000061035156,100.12000274658203,2942500,0.0,0.0,96.3636802442707,97.13798168354403,-0.7743014392733301,-0.3907771320244291
2024-01-10 00:00:00-05:00,101.19000244140625,106.0,100.5999984741211,105.16000366210938,2245400,0.0,0.0,97.71696077009203,97.73220553380813,-0.015244763716097509,-0.31567065836276276
2024-01-11 00:00:00-05:00,105.19999694824219,106.83000183105469,103.33999633789062,104.9000015258789,1637100,0.0,0.0,98.82204396329001,98.26315338507263,0.5588905782173867,-0.14075841104673287
2024-01-12 00:00:00-05:00,105.16000366210938,105.83000183105469,103.08999633789062,103.38999938964844,1432200,0.0,0.0,99.52480633657592,98.64291975578195,0.8818865807939744,0.0637705873214086
2024-01-16 00:00:00-05:00,102.80999755859375,102.80999755859375,99.58000183105469,100.7300033569336,1758400,0.0,0.0,99.7102212627848,98.79751854105244,0.9127027217323587,0.23355701420359862
2024-01-17 00:00:00-05:00,99.19999694824219,99.93000030517578,98.01000213623047,99.47000122070312,1145500,0.0,0.0,99.67326433323377,98.84733207287842,0.8259322603553585,0.35203206343395066
2024-01-18 00:00:00-05:00,100.0999984741211,100.9000015258789,98.56999969482422,100.5,1044400,0.0,0.0,99.8004544358132,98.96975191933187,0.830702516481324,0.44776615404342535
2024-01-19 00:00:00-05:00,100.55999755859375,102.04000091552734,99.05000305175781,101.3499984741211,813000,0.0,0.0,100.0388458263221,99.14606647894588,0.8927793473762193,0.5367687927099842
2024-01-22 00:00:00-05:00,102.7300033569336,102.97000122070312,100.9000015258789,102.08999633789062,1234300,0.0,0.0,100.3544074434865,99.36413535738623,0.9902720861002621,0.6274694513880399
2024-01-23 00:00:00-05:00,102.70999908447266,103.44000244140625,100.16000366210938,101.98999786376953,1407800,0.0,0.0,100.60603673891465,99.5586436911924,1.0473930477222524,0.7114541706548825
2024-01-24 00:00:00-05:00,102.69000244140625,102.79000091552734,99.5999984741211,100.19999694824219,1195700,0.0,0.0,100.5435690788112,99.60615133986275,0.9374177389484544,0.756646884313597
2024-01-25 00:00:00-05:00,100.91999816894531,101.4800033569336,99.25,100.66000366210938,1311900,0.0,0.0,100.56148209162632,99.68421447484398,0.8772676167823334,0.7807710308073443
2024-01-26 00:00:00-05:00,102.44999694824219,103.91999816894531,101.73999786376953,102.95999908447266,1639600,0.0,0.0,100.93048470591037,99.92686518666832,1.0036195192420507,0.8253407284942857
2024-01-29 00:00:00-05:00,103.1500015258789,104.80999755859375,103.06999969482422,104.4000015258789,1718500,0.0,0.0,101.46425652436707,100.25820861920243,1.2060479051646382,0.9014821638283563
2024-01-30 00:00:00-05:00,104.01000213623047,104.43000030517578,103.26000213623047,103.94000244140625,1009200,0.0,0.0,101.84514051160387,100.53093408751383,1.3142064240900453,0.9840270158806942
2024-01-31 00:00:00-05:00,103.0,104.68000030517578,101.41000366210938,101.4800033569336,1278400,0.0,0.0,101.78896556473153,100.60123551487825,1.187730049853272,1.0247676226752098
2024-02-01 00:00:00-05:00,103.04000091552734,103.31999969482422,98.88999938964844,100.80999755859375,1759200,0.0,0.0,101.6383551022488,100.61669936996829,1.0216557322805073,1.0241452445962693
2024-02-02 00:00:00-05:00,99.58000183105469,99.75,96.91000366210938,98.18000030517578,1664500,0.0,0.0,101.10630051808371,100.43620314294662,0.6700973751370896,0.9533356707044335
2024-02-05 00:00:00-05:00,97.52999877929688,97.70999908447266,95.26000213623047,96.20999908447266,922000,0.0,0.0,100.35302337445125,100.12315099046707,0.22987238398418697,0.8086430133603842
2024-02-06 00:00:00-05:00,96.48999786376953,99.5999984741211,94.5,99.0,1004300,0.0,0.0,100.14486593222797,100.03995462080283,0.10491131142514121,0.6678966729733357
2024-02-07 00:00:00-05:00,99.81999969482422,100.51000213623047,97.86000061035156,99.97000122070312,1021000,0.0,0.0,100.11796366891645,100.03477288746211,0.08319078145433423,0.5509554946695354
2024-02-08 00:00:00-05:00,100.97000122070312,104.37000274658203,99.33000183105469,104.30999755859375,1136000,0.0,0.0,100.76289195963602,100.35145619643482,0.41143576320119735,0.5230515483758679
2024-02-09 00:00:00-05:00,105.0999984741211,107.7699966430664,104.62000274658203,107.54000091552734,1263900,0.0,0.0,101.80552410669623,100.88394099044169,0.9215831162545385,0.6027578619516021
2024-02-12 00:00:00-05:00,108.13999938964844,112.41000366210938,108.0,110.08000183105469,1554100,0.0,0.0,103.07852067967445,101.56513068233895,1.5133899973355085,0.7848842890283834
2024-02-13 00:00:00-05:00,105.4000015258789,108.5,104.63999938964844,106.94000244140625,1370100,0.0,0.0,103.67259479686396,101.96326933115874,1.70932546570522,0.9697725243637507
2024-02-14 00:00:00-05:00,108.98999786376953,109.66999816894531,106.0199966430664,108.37000274658203,1944300,0.0,0.0,104.39527294297444,102.43784217674565,1.9574307662287964,1.16730417273676
2024-02-15 00:00:00-05:00,116.66000366210938,122.69000244140625,112.31999969482422,121.62999725341797,4853600,0.0,0.0,107.04676899073498,103.85948329353619,3.1872856971987886,1.571300477629166
2024-02-16 00:00:00-05:00,120.58000183105469,121.12999725341797,117.69000244140625,118.9800033569336,1888000,0.0,0.0,108.88265120091938,104.9795218167508,3.9031293841685795,2.037666258937049
2024-02-20 00:00:00-05:00,117.08000183105469,117.83000183105469,113.69999694824219,115.58999633789062,1482300,0.0,0.0,109.91455045276112,105.76548289239079,4.149067560370327,2.4599465192237044
2024-02-21 00:00:00-05:00,113.88999938964844,116.22000122070312,113.31999969482422,115.72000122070312,861200,0.0,0.0,110.80769672475219,106.50285462041393,4.304842104338263,2.828925636246616
2024-02-22 00:00:00-05:00,116.6500015258789,118.52999877929688,116.11000061035156,117.29000091552734,1272400,0.0,0.0,111.80497429256376,107.30190249412603,4.50307179843773,3.163754868684839
2024-02-23 00:00:00-05:00,117.27999877929688,119.44000244140625,117.18000030517578,118.30999755859375,891700,0.0,0.0,112.80574710272222,108.11731694334586,4.688430159376367,3.468689926823145
2024-02-26 00:00:00-05:00,118.75,120.43000030517578,118.05000305175781,119.87999725341797,1099000,0.0,0.0,113.89409327975233,108.9886265959438,4.905466683808527,3.7560452782202214
2024-02-27 00:00:00-05:00,118.5199966430664,121.63999938964844,118.5199966430664,121.08999633789062,1189800,0.0,0.0,115.00115528869668,109.88502435460653,5.116130934090151,4.028062409394208
2024-02-28 00:00:00-05:00,120.16999816894531,124.41999816894531,119.86000061035156,123.26000213623047,1015700,0.0,0.0,116.27174711139419,110.87576344954164,5.395983661852554,4.301646659885877
2024-02-29 00:00:00-05:00,124.69999694824219,125.5,121.87000274658203,122.25,1423300,0.0,0.0,117.19147832502586,111.71829949031633,5.473178834709529,4.535953094850608
2024-03-01 00:00:00-05:00,123.56999969482422,126.02999877929688,122.08999633789062,124.80999755859375,1084400,0.0,0.0,118.36355820711323,112.68805490278132,5.675503304331912,4.76386313674687
2024-03-04 00:00:00-05:00,125.98999786376953,126.04000091552734,123.20999908447266,124.58999633789062,1039500,0.0,0.0,119.32147176569437,113.56968019427089,5.751791571423482,4.9614488236821925
2024-03-05 00:00:00-05:00,123.13999938964844,124.7300033569336,121.36000061035156,122.0199966430664,1171400,0.0,0.0,119.73662943913622,114.19562956084833,5.5409998782878915,5.077359034603333
2024-03-06 00:00:00-05:00,123.5,123.80000305175781,120.30999755859375,120.38999938964844,689600,0.0,0.0,119.83714789306117,114.65447177038908,5.182676122672092,5.098422452217085
2024-03-07 00:00:00-05:00,120.23999786376953,124.80000305175781,120.23999786376953,124.0,1152600,0.0,0.0,120.47758667874407,115.34673312073063,5.130853558013442,5.1049086733763565
2024-03-08 00:00:00-05:00,124.19000244140625,126.58000183105469,123.86000061035156,125.04000091552734,1112200,0.0,0.0,121.17949656132612,116.06475295738224,5.114743603943879,5.106875659489861
2024-03-11 00:00:00-04:00,124.9000015258789,127.0199966430664,124.73999786376953,126.69999694824219,1219900,0.0,0.0,122.02880431315936,116.85254880855705,5.1762555046023095,5.120751628512351
2024-03-12 00:00:00-04:00,126.4000015258789,128.0500030517578,124.02999877929688,125.58999633789062,1215900,0.0,0.0,122.57668000927187,117.49976714406323,5.076912865208641,5.111983875851609
2024-03-13 00:00:00-04:00,125.52999877929688,129.5,125.52999877929688,129.32000732421875,1338900,0.0,0.0,123.61411498080216,118.37534049074141,5.238774490060749,5.137341998693438
2024-03-14 00:00:00-04:00,129.72000122070312,130.0399932861328,125.08000183105469,125.98999786376953,879000,0.0,0.0,123.9796354243356,118.93938918503979,5.040246239295811,5.117922846813913
2024-03-15 00:00:00-04:00,126.18000030517578,129.0500030517578,126.08999633789062,128.1699981689453,1466200,0.0,0.0,124.62430661581402,119.62313799866241,5.001168617151606,5.094572000881453
2024-03-18 00:00:00-04:00,128.00999450683594,131.24000549316406,126.27999877929688,129.9600067138672,1175200,0.0,0.0,125.44518355397604,120.38883197756647,5.056351576409568,5.086927915987077
2024-03-19 00:00:00-04:00,128.58999633789062,132.19000244140625,128.0800018310547,131.7100067138672,964400,0.0,0.0,126.4090025016516,121.22743751358875,5.181564988062846,5.105855330402231
2024-03-20 00:00:00-04:00,133.0399932861328,140.10000610351562,132.75999450683594,139.99000549316406,2432400,0.0,0.0,128.49838757726891,122.61725736392766,5.881130213341251,5.260910306990035
2024-03-21 00:00:00-04:00,140.0,141.27000427246094,138.3800048828125,141.0,1304200,0.0,0.0,130.42171256538137,123.97894200363672,6.442770561744652,5.497282357940959
2024-03-22 00:00:00-04:00,139.5399932861328,141.91000366210938,138.6199951171875,141.6199951171875,1109700,0.0,0.0,132.14452526565924,125.28568667871455,6.858838586944685,5.769593603741704
2024-03-25 00:00:00-04:00,141.72999572753906,143.9199981689453,140.88999938964844,141.25,1070800,0.0,0.0,133.5453675324809,126.46822840621718,7.077139126263717,6.031102708246107
2024-03-26 00:00:00-04:00,142.13999938964844,142.13999938964844,139.91000366210938,140.0500030517578,1023100,0.0,0.0,134.54608068929272,127.47428578736833,7.071794901924392,6.239241146981764
2024-03-27 00:00:00-04:00,140.83999633789062,143.27999877929688,139.67999267578125,143.02000427246094,1015500,0.0,0.0,135.84976124054938,128.62582048996777,7.223940750581619,6.436181067701735
2024-03-28 00:00:00-04:00,142.89999389648438,144.88999938964844,142.14999389648438,143.8000030517578,800000,0.0,0.0,137.07287536535068,129.74983401306332,7.323041352287362,6.6135531246188615
2024-04-01 00:00:00-04:00,145.80999755859375,146.7899932861328,143.88999938964844,145.75,1144900,0.0,0.0,138.4078176168352,130.93503149357716,7.472786123258032,6.785399724346696
2024-04-02 00:00:00-04:00,141.75,142.69000244140625,138.72999572753906,141.66000366210938,1081500,0.0,0.0,138.90815393149276,131.7294738764314,7.178680055061363,6.86405579048963
2024-04-03 00:00:00-04:00,141.69000244140625,142.22000122070312,138.05999755859375,138.75999450683594,1153100,0.0,0.0,138.88536017385326,132.2502531823873,6.63510699146596,6.818266030684897
2024-04-04 00:00:00-04:00,140.97000122070312,141.02000427246094,133.22999572753906,134.3800048828125,1242000,0.0,0.0,138.19222859061622,132.40801256760398,5.784216023012249,6.611456029150368
2024-04-05 00:00:00-04:00,134.52000427246094,135.75,133.6300048828125,134.08999633789062,743300,0.0,0.0,137.56111593635075,132.53260395799558,5.028511978355169,6.294867218991329
2024-04-08 00:00:00-04:00,134.50999450683594,135.5,132.44000244140625,132.72999572753906,866400,0.0,0.0,136.81786667345665,132.54722557055436,4.270641102902289,5.890021995773521
2024-04-09 00:00:00-04:00,131.7899932861328,131.89999389648438,125.58999633789062,128.22000122070312,1877500,0.0,0.0,135.4951181422638,132.22669043352835,3.2684277087354587,5.365703138365909
2024-04-10 00:00:00-04:00,125.22000122070312,129.57000732421875,124.0999984741211,128.2899932861328,910000,0.0,0.0,134.38663739516673,131.93508323742498,2.4515541577417537,4.7828733422410785
2024-04-11 00:00:00-04:00,129.75999450683594,130.42999267578125,128.14999389648438,129.41000366210938,744000,0.0,0.0,133.62100143623482,131.7480403059201,1.8729611303147067,4.200890899855804
2024-04-12 00:00:00-04:00,128.27999877929688,128.94000244140625,124.86000061035156,125.54000091552734,880600,0.0,0.0,132.3777705868952,131.28818553626138,1.089585050633815,3.5786297300114067
2024-04-15 00:00:00-04:00,126.95999908447266,128.33999633789062,123.0199966430664,123.36000061035156,1090300,0.0,0.0,130.99042135973463,130.70091257878659,0.2895087809480401,2.9208055401987334
2024-04-16 00:00:00-04:00,121.98999786376953,124.66999816894531,119.9000015258789,120.68000030517578,1626300,0.0,0.0,129.40420273595635,129.95862278074134,-0.5544200447849903,2.2257604232019887
2024-04-17 00:00:00-04:00,122.88999938964844,122.91000366210938,118.5999984741211,119.33000183105469,987800,0.0,0.0,127.85432567366378,129.171317525209,-1.316991851545211,1.517209968252549
2024-04-18 00:00:00-04:00,120.76000213623047,124.0999984741211,119.72000122070312,121.08000183105469,715500,0.0,0.0,126.81212200557007,128.5719608071235,-1.7598388015534283,0.8618002142913537
2024-04-19 00:00:00-04:00,120.2300033569336,122.62999725341797,119.83000183105469,120.54000091552734,808700,0.0,0.0,125.84718029940966,127.97700081515342,-2.1298205157437593,0.2634760682843311
2024-04-22 00:00:00-04:00,121.81999969482422,127.47000122070312,121.31999969482422,125.37999725341797,1285300,0.0,0.0,125.7753059846417,127.7846301809508,-2.0093241963090946,-0.19108398463435403
2024-04-23 00:00:00-04:00,125.6500015258789,128.4499969482422,125.19000244140625,126.43000030517578,1172200,0.0,0.0,125.87602818780078,127.68428722718969,-1.8082590393889006,-0.5145189955852634
2024-04-24 00:00:00-04:00,126.68000030517578,127.37000274658203,124.25,125.7699966430664,664800,0.0,0.0,125.85971564245703,127.54248792466204,-1.6827722822050077,-0.7481696529092123
2024-04-25 00:00:00-04:00,123.44000244140625,124.06999969482422,120.33000183105469,123.51000213623047,794200,0.0,0.0,125.49822125688371,127.2437852736671,-1.7455640167833906,-0.947648525684048
2024-04-26 00:00:00-04:00,125.30999755859375,127.7300033569336,124.41999816894531,125.4000015258789,847000,0.0,0.0,125.48311052903682,127.10720869975687,-1.6240981707200461,-1.0829384546912477
2024-04-29 00:00:00-04:00,126.0199966430664,128.8699951171875,126.0199966430664,127.69000244140625,825300,0.0,0.0,125.82263236170905,127.15037860654571,-1.3277462448366606,-1.1319000127203305
2024-04-30 00:00:00-04:00,126.7300033569336,127.55999755859375,124.30999755859375,124.37000274658203,756200,0.0,0.0,125.59915088245874,126.94442483914099,-1.3452739566822487,-1.1745748015127142
2024-05-01 00:00:00-04:00,124.25,126.66999816894531,121.5,123.55000305175781,1010100,0.0,0.0,125.28389737004322,126.69298618822373,-1.409088818180507,-1.2214776048462728
2024-05-02 00:00:00-04:00,126.33999633789062,126.7300033569336,123.62000274658203,126.69999694824219,801400,0.0,0.0,125.5017588436123,126.69350550378064,-1.1917466601683486,-1.215531415910688
2024-05-03 00:00:00-04:00,129.58999633789062,129.58999633789062,123.08000183105469,124.27999877929688,1423400,0.0,0.0,125.31379575679453,126.51472722789296,-1.2009314710984285,-1.2126114269482362
2024-05-06 00:00:00-04:00,125.9000015258789,128.24000549316406,125.52999877929688,126.62999725341797,1799400,0.0,0.0,125.5162882947366,126.52326574830222,-1.006977453565625,-1.171484632271714
2024-05-07 00:00:00-04:00,133.1199951171875,142.7100067138672,132.10000610351562,136.49000549316406,5366600,0.0,0.0,127.20455247911005,127.26154276644014,-0.0569902873300947,-0.9485857632833903
2024-05-08 00:00:00-04:00,135.27000427246094,137.27000427246094,133.14999389648438,135.4199981689453,1204900,0.0,0.0,128.46846720062317,127.86587279625535,0.6025944043678209,-0.6383497297531481
2024-05-09 00:00:00-04:00,135.86000061035156,139.86000061035156,134.77000427246094,139.6999969482422,1419200,0.0,0.0,130.19639485410303,128.7424745852914,1.453920268811629,-0.21989573004019264
2024-05-10 00:00:00-04:00,140.72000122070312,143.36000061035156,139.17999267578125,143.27000427246094,1711700,0.0,0.0,132.20771938000425,129.8185878954521,2.389131484552138,0.3019097128782735
2024-05-13 00:00:00-04:00,144.58999633789062,144.77999877929688,141.02000427246094,142.94000244140625,903900,0.0,0.0,133.85883985098917,130.79054452848575,3.068295322503417,0.8551868348033023
2024-05-14 00:00:00-04:00,144.77000427246094,147.36000061035156,144.57000732421875,145.30999755859375,1371200,0.0,0.0,135.62055642138986,131.866059567753,3.7544968536368515,1.4350488385700122
2024-05-15 00:00:00-04:00,146.8300018310547,148.16000366210938,144.05999755859375,144.72999572753906,1054200,0.0,0.0,137.0220086223359,132.81894372773718,4.203064894598725,1.9886520497757547
2024-05-16 00:00:00-04:00,144.8000030517578,145.3800048828125,140.72999572753906,142.00999450683594,1102200,0.0,0.0,137.78939106610514,133.49976230396672,4.28962876213842,2.448847392248288
2024-05-17 00:00:00-04:00,142.16000366210938,142.77999877929688,140.1999969482422,140.9499969482422,878100,0.0,0.0,138.27563812489547,134.05163153687602,4.224006588019449,2.80387923140252
2024-05-20 00:00:00-04:00,141.08999633789062,141.8699951171875,139.00999450683594,139.32000732421875,608900,0.0,0.0,138.43631030940674,134.4418815951977,3.994428714209022,3.0419891279638205
2024-05-21 00:00:00-04:00,139.5399932861328,144.88999938964844,139.5,144.4199981689453,1086600,0.0,0.0,139.35687767241268,135.18100134140124,4.1758763310114375,3.2687665685733442
2024-05-22 00:00:00-04:00,142.97000122070312,144.24000549316406,141.0800018310547,141.5399932861328,805000,0.0,0.0,139.692741612985,135.65203778175172,4.040703831233287,3.4231540211053333
2024-05-23 00:00:00-04:00,141.86000061035156,144.60000610351562,139.5,142.6199951171875,1105900,0.0,0.0,140.14308830593924,136.16818276956178,3.974905536377463,3.5335043241597592
2024-05-24 00:00:00-04:00,144.72999572753906,150.72000122070312,144.72999572753906,148.9199981689453,1641600,0.0,0.0,141.49338213101709,137.11276168803462,4.380620442982462,3.7029275479243
2024-05-28 00:00:00-04:00,150.77000427246094,155.4600067138672,150.75999450683594,154.91000366210938,1447200,0.0,0.0,143.55747775118513,138.43107590833645,5.126401842848679,3.9876224069091757
2024-05-29 00:00:00-04:00,152.89999389648438,154.89999389648438,151.57000732421875,153.61000061035156,1036700,0.0,0.0,145.10401972951843,139.5554407010783,5.548579028440116,4.299813731215364
2024-05-30 00:00:00-04:00,154.0500030517578,157.55999755859375,153.6199951171875,155.97000122070312,896200,0.0,0.0,146.77570918970068,140.77133407290236,6.004375116798315,4.640726008331955
2024-05-31 00:00:00-04:00,156.33999633789062,158.0,152.17999267578125,155.63999938964844,1050400,0.0,0.0,148.13944614353878,141.87271668895764,6.266729454581139,4.965926697581791
2024-06-03 00:00:00-04:00,157.0,158.11000061035156,153.07000732421875,153.92999267578125,900900,0.0,0.0,149.03029945619147,142.76584824353716,6.264451212654308,5.225631600596294
2024-06-04 00:00:00-04:00,152.47999572753906,154.74000549316406,148.5800018310547,148.72000122070312,1029800,0.0,0.0,148.98256126611633,143.20689661221613,5.775664653900208,5.335638211257077
2024-06-05 00:00:00-04:00,148.9600067138672,149.6999969482422,147.60000610351562,148.00999450683594,773600,0.0,0.0,148.8329356108424,143.56268164144723,5.270253969395185,5.3225613628846995
2024-06-06 00:00:00-04:00,148.5,149.4199981689453,146.66000366210938,148.41000366210938,1379400,0.0,0.0,148.76786915719117,143.92174253186667,4.8461266253245014,5.22727441537266
2024-06-07 00:00:00-04:00,147.94000244140625,150.8699951171875,146.66000366210938,147.0,923200,0.0,0.0,148.49588928685407,144.14976160358026,4.3461276832738065,5.05104506895289
2024-06-10 00:00:00-04:00,145.39999389648438,155.0399932861328,143.27999877929688,154.0800018310547,1361900,0.0,0.0,149.3549835244234,144.88533495376356,4.469648570659842,4.93476576929428
2024-06-11 00:00:00-04:00,153.00999450683594,154.66000366210938,150.08999633789062,154.52999877929688,1014500,0.0,0.0,150.15113971748087,145.59975449639566,4.551385221085212,4.8580896596524665
2024-06-12 00:00:00-04:00,158.0,158.8000030517578,155.5399932861328,157.4499969482422,1111500,0.0,0.0,151.2740408299057,146.47755023356947,4.796490596336213,4.845769846989216
2024-06-13 00:00:00-04:00,156.9600067138672,159.75,155.52999877929688,158.64999389648438,1345100,0.0,0.0,152.40880284014855,147.37921272711873,5.029590113029826,4.8825339001973385
2024-06-14 00:00:00-04:00,156.30999755859375,159.16000366210938,154.77999877929688,156.97999572753906,1074300,0.0,0.0,153.11206328436248,148.09038183826098,5.021681446101496,4.910363409378171
2024-06-17 00:00:00-04:00,156.63999938964844,161.0399932861328,155.4600067138672,159.67999267578125,858400,0.0,0.0,154.12251395996535,148.94887152992914,5.17364243003621,4.963019213509779
2024-06-18 00:00:00-04:00,159.49000549316406,160.02999877929688,156.33999633789062,159.4199981689453,1177500,0.0,0.0,154.93751153057764,149.72451054022665,5.2130009903509915,5.013015568878021
2024-06-20 00:00:00-04:00,160.0,165.32000732421875,156.7899932861328,157.85000610351562,1541800,0.0,0.0,155.38558761872196,150.32639910047027,5.059188518251688,5.0222501587527555
2024-06-21 00:00:00-04:00,156.5,156.5,153.11000061035156,154.74000549316406,1765400,0.0,0.0,155.28626729171305,150.65333290733648,4.6329343843765685,4.944387003877519
2024-06-24 00:00:00-04:00,153.32000732421875,154.8300018310547,151.4600067138672,152.58999633789062,1418300,0.0,0.0,154.87145637574037,150.7967894577479,4.0746669179924595,4.770442986700507
2024-06-25 00:00:00-04:00,153.41000366210938,153.8000030517578,150.6699981689453,151.13999938964844,938600,0.0,0.0,154.29738607018774,150.82221241566646,3.475173654521285,4.5113891202646625
2024-06-26 00:00:00-04:00,151.94000244140625,154.8000030517578,148.17999267578125,148.63999938964844,1109300,0.0,0.0,153.4270188885663,150.66056700633177,2.76645188223452,4.162401672658635
2024-06-27 00:00:00-04:00,147.89999389648438,148.74000549316406,146.22999572753906,148.25,1014200,0.0,0.0,152.63055444417148,150.48200648734422,2.148547956827258,3.7596309294923596
2024-06-28 00:00:00-04:00,144.88999938964844,148.64999389648438,142.8000030517578,145.94000244140625,2387300,0.0,0.0,151.60123875143836,150.14556174320066,1.4556770082377,3.2988401452414275
2024-07-01 00:00:00-04:00,147.57000732421875,150.02999877929688,146.83999633789062,147.75,1239800,0.0,0.0,151.0087404819863,149.96811272518582,1.0406277568004896,2.84719766755324
2024-07-02 00:00:00-04:00,146.6199951171875,147.02000427246094,143.16000366210938,145.49000549316406,1276300,0.0,0.0,150.1597043298598,149.63640107836937,0.5233032514904323,2.3824187843406786
2024-07-03 00:00:00-04:00,146.17999267578125,150.13999938964844,146.0,147.89999389648438,512600,0.0,0.0,149.81205657087895,149.50777832415568,0.3042782467232712,1.966790676817197
2024-07-05 00:00:00-04:00,147.80999755859375,148.88999938964844,142.86000061035156,143.5399932861328,1107000,0.0,0.0,148.84712375784108,149.06572017319104,-0.218596415349964,1.529713258383765
2024-07-08 00:00:00-04:00,145.0,145.57000732421875,143.02999877929688,144.52000427246094,1206900,0.0,0.0,148.1814130677826,148.72900047684067,-0.5475874090580817,1.1142531248953957
2024-07-09 00:00:00-04:00,144.5,145.33999633789062,142.66000366210938,143.25,835500,0.0,0.0,147.42273413427756,148.32314858966728,-0.900414455389722,0.7113196088383722
2024-07-10 00:00:00-04:00,144.4499969482422,144.4499969482422,137.57000732421875,140.13999938964844,1473600,0.0,0.0,146.30231340433463,147.71698938966588,-1.4146759853312574,0.2861204900044463
2024-07-11 00:00:00-04:00,142.16000366210938,143.77000427246094,141.00999450683594,142.88999938964844,1119900,0.0,0.0,145.77734201745983,147.35943457484976,-1.5820925573899274,-0.08752211947442845
2024-07-12 00:00:00-04:00,141.5500030517578,141.97999572753906,138.85000610351562,139.24000549316406,1528100,0.0,0.0,144.77159793679894,146.75799538361377,-1.9863974468148342,-0.4672971849425096
2024-07-15 00:00:00-04:00,139.22000122070312,139.22000122070312,135.66000366210938,135.85000610351562,1235700,0.0,0.0,143.39904534706304,145.9499961776806,-2.550950830617552,-0.8840279140775181
2024-07-16 00:00:00-04:00,136.1199951171875,137.1999969482422,133.58999633789062,136.10000610351562,1272800,0.0,0.0,142.27611623267114,145.220367283298,-2.9442510506268604,-1.2960725413873866
2024-07-17 00:00:00-04:00,133.49000549316406,137.16000366210938,132.27000427246094,132.99000549316406,1088100,0.0,0.0,140.84748381120852,144.3144145581029,-3.466930746894377,-1.7302441824887849
2024-07-18 00:00:00-04:00,133.72000122070312,135.52000427246094,130.0800018310547,131.5500030517578,1188000,0.0,0.0,139.41710215590842,143.36890259466992,-3.951800438761495,-2.174555433743327
2024-07-19 00:00:00-04:00,131.47999572753906,134.5,130.22000122070312,133.5,1729400,0.0,0.0,138.50677874730712,142.6378727728425,-4.13109402553539,-2.5658631521017394
2024-07-22 00:00:00-04:00,134.3000030517578,134.42999267578125,130.88999938964844,133.27999877929688,1257700,0.0,0.0,137.70265875222861,141.94469692146876,-4.242038169240146,-2.9010981555294206
2024-07-23 00:00:00-04:00,133.72999572753906,136.10000610351562,131.1300048828125,131.3000030517578,1519900,0.0,0.0,136.71763479831003,141.15620107926796,-4.438566280957929,-3.2085917806151225
2024-07-24 00:00:00-04:00,130.6699981689453,131.25999450683594,128.16000366210938,129.3800048828125,999500,0.0,0.0,135.58876865746427,140.28389024990088,-4.695121592436607,-3.5058977429794194
2024-07-25 00:00:00-04:00,130.0,130.0,123.36000061035156,125.13999938964844,2123600,0.0,0.0,133.9812656931849,139.16212055654884,-5.1808548633639475,-3.840889167056325
2024-07-26 00:00:00-04:00,129.5,133.63999938964844,129.2100067138672,130.5,1876000,0.0,0.0,133.44568635577184,138.52048199680448,-5.074795641032637,-4.087670461851587
2024-07-29 00:00:00-04:00,130.91000366210938,134.0399932861328,130.77000427246094,132.50999450683594,1337300,0.0,0.0,133.30173376362785,138.07526070125124,-4.773526937623387,-4.224841757005947
2024-07-30 00:00:00-04:00,132.69000244140625,136.02999877929688,130.91000366210938,132.61000061035156,1694500,0.0,0.0,133.19531327850842,137.67042662044386,-4.47511334193544,-4.2748960739918465
2024-07-31 00:00:00-04:00,134.69000244140625,137.6999969482422,132.61000061035156,134.3699951171875,2432800,0.0,0.0,133.37603356138212,137.42595021279524,-4.0499166514131275,-4.229900189476103
2024-08-01 00:00:00-04:00,126.58999633789062,133.0399932861328,120.80000305175781,130.80999755859375,4896100,0.0,0.0,132.98125879172238,136.93587964581735,-3.954620854094969,-4.174844322399877
2024-08-02 00:00:00-04:00,123.86000061035156,125.37000274658203,121.55000305175781,123.30999755859375,2195500,0.0,0.0,131.49337244816414,135.92655504676375,-4.433182598599615,-4.226511977639825
2024-08-05 00:00:00-04:00,114.55000305175781,122.37999725341797,112.5,121.05000305175781,1821700,0.0,0.0,129.8867002333324,134.82458823231886,-4.937887998986469,-4.368787181909154
2024-08-06 00:00:00-04:00,123.1500015258789,127.44999694824219,122.7699966430664,126.69000244140625,1221300,0.0,0.0,129.39490057303607,134.2220263218809,-4.827125748844821,-4.460454895296287
2024-08-07 00:00:00-04:00,128.49000549316406,131.72000122070312,125.88999938964844,126.18000030517578,1355000,0.0,0.0,128.9003005318268,133.62632069101383,-4.726020159187044,-4.513567948074439
2024-08-08 00:00:00-04:00,127.63999938964844,132.47999572753906,126.5999984741211,131.75,914600,0.0,0.0,129.33871583462266,133.48733397316096,-4.148618138538296,-4.44057798616721
2024-08-09 00:00:00-04:00,131.72999572753906,132.74000549316406,129.47999572753906,132.27000427246094,899700,0.0,0.0,129.78968328659778,133.39716140273873,-3.6074781161409533,-4.273958012161959
2024-08-12 00:00:00-04:00,132.27000427246094,132.44000244140625,129.2100067138672,130.24000549316406,1048600,0.0,0.0,129.8589636260695,133.1632980020295,-3.3043343759599964,-4.080033284921567
2024-08-13 00:00:00-04:00,132.05999755859375,135.85000610351562,131.8300018310547,134.61000061035156,1451400,0.0,0.0,130.58989239288212,133.2704611582015,-2.6805687653193786,-3.800140381001129
2024-08-14 00:00:00-04:00,135.3300018310547,136.5500030517578,131.08999633789062,131.38999938964844,1025500,0.0,0.0,130.71298577700003,133.13116769386423,-2.4181819168641994,-3.523748688173743
2024-08-15 00:00:00-04:00,136.66000366210938,138.66000366210938,134.44000244140625,137.17999267578125,926000,0.0,0.0,131.70790991527406,133.4310806554877,-1.7231707402136465,-3.163633098581724
2024-08-16 00:00:00-04:00,136.69000244140625,137.25999450683594,134.75,136.0500030517578,717600,0.0,0.0,132.37592424396388,133.62507490706327,-1.2491506630993854,-2.7807366114852563
2024-08-19 00:00:00-04:00,136.02999877929688,140.11000061035156,136.02999877929688,139.30999755859375,968600,0.0,0.0,133.44270475390695,134.04618028865812,-0.6034755347511691,-2.3452843961384393
2024-08-20 00:00:00-04:00,139.39999389648438,139.4600067138672,134.5,135.00999450683594,796600,0.0,0.0,133.68382625435757,134.11757393444907,-0.4337476800914999,-1.9629770529290516
2024-08-21 00:00:00-04:00,137.1199951171875,145.3699951171875,136.6199951171875,140.60000610351562,1529600,0.0,0.0,134.74785392345882,134.59775409512068,0.15009982833814206,-1.540361676675613
2024-08-22 00:00:00-04:00,144.41000366210938,145.49000549316406,141.32000732421875,142.05999755859375,1031700,0.0,0.0,135.87279909809496,135.15051287019276,0.7222862279022024,-1.08783209576005
2024-08-23 00:00:00-04:00,144.47999572753906,146.86000061035156,143.16000366210938,144.69000244140625,1059400,0.0,0.0,137.22929192014286,135.85714172731969,1.3721501928231703,-0.595835638043406
2024-08-26 00:00:00-04:00,144.50999450683594,144.50999450683594,138.9199981689453,140.07000732421875,978200,0.0,0.0,137.66632505923144,136.1692058456085,1.4971192136229377,-0.17724466771013725
2024-08-27 00:00:00-04:00,139.36000061035156,143.58999633789062,137.83999633789062,143.17999267578125,737600,0.0,0.0,138.5145816156237,136.68852338858426,1.8260582270394536,0.22341591123978094
2024-08-28 00:00:00-04:00,142.94000244140625,143.85000610351562,139.85000610351562,143.11000061035156,785700,0.0,0.0,139.22156915327415,137.16418836797442,2.0573807852997277,0.5902088860517704
2024-08-29 00:00:00-04:00,143.42999267578125,147.32000732421875,142.22000122070312,145.27999877929688,774000,0.0,0.0,140.15363524958534,137.76535950955386,2.3882757400314745,0.9498222568477113
2024-08-30 00:00:00-04:00,146.97999572753906,146.97999572753906,143.0500030517578,146.1699981689453,601900,0.0,0.0,141.07922954487148,138.38792533617544,2.691304208696039,1.2981186472173767
2024-09-03 00:00:00-04:00,145.27999877929688,145.6999969482422,139.1300048828125,139.9199981689453,912300,0.0,0.0,140.90088625626746,138.5014122126769,2.399474043590544,1.51838972649201
2024-09-04 00:00:00-04:00,138.38999938964844,140.7100067138672,138.11000061035156,138.9199981689453,743200,0.0,0.0,140.59613424283327,138.5324185798079,2.063715663025363,1.6274549137986807
2024-09-05 00:00:00-04:00,138.72999572753906,138.72999572753906,135.1699981689453,135.6199951171875,666700,0.0,0.0,139.8305743773493,138.3166835085027,1.5138908688466017,1.604742104808265
2024-09-06 00:00:00-04:00,135.4199981689453,136.3699951171875,129.6999969482422,129.82000732421875,1000000,0.0,0.0,138.29048713840615,137.6873000874446,0.6031870509615374,1.4044310940389197
2024-09-09 00:00:00-04:00,131.00999450683594,131.97000122070312,125.5199966430664,125.7300033569336,1180500,0.0,0.0,136.3581050181796,136.80157440370306,-0.44346938552345705,1.0348509981264444
2024-09-10 00:00:00-04:00,126.69999694824219,129.17999267578125,124.8499984741211,125.43000030517578,1091200,0.0,0.0,134.67685813925596,135.95923558158992,-1.282377442333967,0.5714053100343621
2024-09-11 00:00:00-04:00,125.37000274658203,128.8300018310547,123.19999694824219,128.13999938964844,911300,0.0,0.0,133.67118756239327,135.38003290070537,-1.708845338312102,0.11535518036506931
2024-09-12 00:00:00-04:00,128.13999938964844,128.8699951171875,126.54000091552734,127.7300033569336,736200,0.0,0.0,132.75715922309178,134.81336404561117,-2.0562048225193905,-0.3189568202118227
2024-09-13 00:00:00-04:00,128.60000610351562,131.0800018310547,128.55999755859375,128.77000427246094,825800,0.0,0.0,132.14375076914857,134.36570776611856,-2.2219569969699933,-0.6995568555634568
2024-09-16 00:00:00-04:00,129.0800018310547,136.8699951171875,129.0800018310547,135.47000122070312,1462800,0.0,0.0,132.65548160784925,134.44750728127298,-1.7920256734237228,-0.91805061913551
2024-09-17 00:00:00-04:00,135.8000030517578,139.7899932861328,135.8000030517578,138.42999267578125,1118900,0.0,0.0,133.54386792599263,134.7425061993847,-1.1986382733920777,-0.9741681499868236
2024-09-18 00:00:00-04:00,138.52999877929688,143.0,138.3000030517578,139.80999755859375,854300,0.0,0.0,134.50788786946973,135.11787592969648,-0.6099880602267547,-0.9013321320348099
2024-09-19 00:00:00-04:00,142.9499969482422,144.32000732421875,134.4499969482422,137.9199981689453,1257300,0.0,0.0,135.0328279155429,135.32544054001121,-0.2926126244683189,-0.7795882305215118
2024-09-20 00:00:00-04:00,138.16000366210938,140.33999633789062,137.63999938964844,139.0500030517578,1491800,0.0,0.0,135.65085485957596,135.60133405939985,0.04952080017611138,-0.6137664243819871
2024-09-23 00:00:00-04:00,140.5,144.08999633789062,137.94000244140625,143.75,1084600,0.0,0.0,136.89687718887197,136.20493894388875,0.6919382449832199,-0.35262549050894576
2024-09-24 00:00:00-04:00,145.0,147.11000061035156,143.92999267578125,144.8300018310547,1105200,0.0,0.0,138.11735790305394,136.84383249108623,1.2735254119677109,-0.02739531001361445
2024-09-25 00:00:00-04:00,145.36000061035156,146.4499969482422,141.80999755859375,143.0399932861328,891600,0.0,0.0,138.8746864235276,137.30280736479338,1.5718790587342255,0.2924595637359536
2024-09-26 00:00:00-04:00,147.5,151.1300048828125,145.4199981689453,147.39999389648438,1159600,0.0,0.0,140.18627218859788,138.0507471078816,2.1355250807162918,0.6610726671320213
2024-09-27 00:00:00-04:00,148.00999450683594,148.25,143.89999389648438,144.30999755859375,975900,0.0,0.0,140.82069147628954,138.51439528941583,2.306296186873709,0.9901173710803589
2024-09-30 00:00:00-04:00,144.08999633789062,145.25999450683594,141.83999633789062,144.80999755859375,835700,0.0,0.0,141.4344308735671,138.98073619824385,2.4536946753232485,1.2828328319289368
2024-10-01 00:00:00-04:00,144.10000610351562,144.44000244140625,139.4199981689453,141.6300048828125,877000,0.0,0.0,141.46451918268178,139.1769783230267,2.2875408596550812,1.483774437474166
2024-10-02 00:00:00-04:00,139.27000427246094,142.4600067138672,138.50999450683594,140.8000030517578,933900,0.0,0.0,141.3622859317704,139.29720237700678,2.0650835547636177,1.6000362609320564
2024-10-03 00:00:00-04:00,138.9199981689453,140.97000122070312,136.19000244140625,137.99000549316406,830100,0.0,0.0,140.8434735566002,139.20037297820363,1.6431005783965702,1.6086491244249592
2024-10-04 00:00:00-04:00,140.86000061035156,142.74000549316406,140.27999877929688,141.92999267578125,813600,0.0,0.0,141.01063034416651,139.40256702987605,1.6080633142904617,1.6085319623980598
2024-10-07 00:00:00-04:00,141.50999450683594,141.50999450683594,134.50999450683594,136.5399932861328,931800,0.0,0.0,140.32284002754594,139.1905245303395,1.1323154972064344,1.5132886693597347
2024-10-08 00:00:00-04:00,135.74000549316406,137.25,134.6300048828125,135.61000061035156,755600,0.0,0.0,139.59778780951603,138.92530053626632,0.6724872732497147,1.3451283901377307
2024-10-09 00:00:00-04:00,137.24000549316406,138.33999633789062,134.89999389648438,135.11000061035156,684500,0.0,0.0,138.90735900964458,138.6426857269393,0.26467328270527446,1.1290373686512394
2024-10-10 00:00:00-04:00,134.77999877929688,136.9600067138672,133.83999633789062,136.74000549316406,830600,0.0,0.0,138.5739200071091,138.50174645036336,0.07217355674575288,0.9176646062701421
2024-10-11 00:00:00-04:00,136.72999572753906,139.75,136.22999572753906,139.5500030517578,624300,0.0,0.0,138.72408662936274,138.57939508750368,0.14469154185906064,0.7630699933879258
2024-10-14 00:00:00-04:00,139.64999389648438,141.2899932861328,137.0500030517578,139.42999267578125,1132400,0.0,0.0,138.832687559581,138.642402316265,0.19028524331599783,0.6485130433735403
2024-10-15 00:00:00-04:00,139.3000030517578,144.22999572753906,138.72000122070312,140.4499969482422,910100,0.0,0.0,139.0815043886058,138.77629821493,0.30520617367579916,0.5798516694339921
2024-10-16 00:00:00-04:00,141.07000732421875,141.5,135.77000427246094,137.5399932861328,1164200,0.0,0.0,138.8443488343792,138.68472007205614,0.15962876232305234,0.49580708801180423
2024-10-17 00:00:00-04:00,139.2899932861328,139.2899932861328,135.27000427246094,136.08999633789062,899900,0.0,0.0,138.42060229645787,138.49251831396978,-0.07191601751191001,0.38226246690706145
2024-10-18 00:00:00-04:00,137.9199981689453,139.47000122070312,137.0399932861328,139.39999389648438,895200,0.0,0.0,138.57127792723116,138.5597387274894,0.011539199741775974,0.3081178134740044
2024-10-21 00:00:00-04:00,138.66000366210938,139.0399932861328,136.4499969482422,138.22999572753906,868100,0.0,0.0,138.5187729734324,138.53531332008566,-0.01654034665327231,0.24318618144854906
2024-10-22 00:00:00-04:00,137.02999877929688,137.10000610351562,132.2899932861328,132.35000610351562,1217200,0.0,0.0,137.56973191652213,138.07714241515455,-0.5074104986324244,0.09306684543235437
2024-10-23 00:00:00-04:00,132.57000732421875,134.85000610351562,130.35000610351562,131.2899932861328,770000,0.0,0.0,136.60361828107762,137.5743906278196,-0.9707723467419953,-0.11970099300251559
2024-10-24 00:00:00-04:00,132.9499969482422,132.9499969482422,129.69000244140625,129.99000549316406,820000,0.0,0.0,135.58613939062937,137.01258432154881,-1.4264449309194447,-0.3810497805859014
2024-10-25 00:00:00-04:00,134.0,137.0,132.77999877929688,133.75,1491200,0.0,0.0,135.3036564074556,136.7709114088415,-1.4672550013858938,-0.5982908247459
2024-10-28 00:00:00-04:00,135.44000244140625,139.9600067138672,135.35000610351562,138.0500030517578,2281700,0.0,0.0,135.7261712758098,136.86565893794642,-1.1394876621366166,-0.7065301922240433
2024-10-29 00:00:00-04:00,113.75,117.76000213623047,111.16000366210938,111.58000183105469,9251400,0.0,0.0,132.0113759766167,134.9926473003989,-2.981271323782181,-1.161478418535671
2024-10-30 00:00:00-04:00,110.1500015258789,113.19999694824219,108.72000122070312,109.0,3540000,0.0,0.0,128.47116428790645,133.06726601888786,-4.596101730981417,-1.8484030810248202
2024-10-31 00:00:00-04:00,109.55999755859375,110.88999938964844,106.4800033569336,107.81999969482422,2365900,0.0,0.0,125.29406204281688,131.1970981430313,-5.903036100214422,-2.6593296848627404
2024-11-01 00:00:00-04:00,108.0,108.70999908447266,105.69999694824219,106.20999908447266,1880400,0.0,0.0,122.35805235691777,129.3462019164714,-6.988149559553619,-3.5250936598009166
2024-11-04 00:00:00-05:00,105.29000091552734,108.25,105.12999725341797,106.29000091552734,1253200,0.0,0.0,119.8860444428577,127.63833517566071,-7.752290732803019,-4.3705330744013375
2024-11-05 00:00:00-05:00,106.01000213623047,106.72000122070312,104.66999816894531,105.22000122070312,1615600,0.0,0.0,117.62973010098776,125.97771784566385,-8.34798774467609,-5.166024008456288
2024-11-06 00:00:00-05:00,106.4800033569336,107.80000305175781,101.13999938964844,102.73999786376953,2382300,0.0,0.0,115.33900206449265,124.25640525441241,-8.917403189919767,-5.916299844748984
2024-11-07 00:00:00-05:00,102.5,105.13999938964844,101.5,101.86000061035156,1792600,0.0,0.0,113.26530953308634,122.59741231781531,-9.332102784728974,-6.599460432744983
2024-11-08 00:00:00-05:00,101.56999969482422,101.98999786376953,99.52999877929688,101.30000305175781,1836000,0.0,0.0,111.4244931513435,121.0198264462555,-9.595333294911995,-7.198635005178386
2024-11-11 00:00:00-05:00,102.26000213623047,104.27999877929688,101.9000015258789,102.8499984741211,1457900,0.0,0.0,110.10534012407851,119.67391326313442,-9.568573139055914,-7.672622631953892
2024-11-12 00:00:00-05:00,103.12000274658203,103.9000015258789,101.30000305175781,101.9800033569336,1191400,0.0,0.0,108.85528831374853,118.36325327008251,-9.507964956333979,-8.039691096829909
2024-11-13 00:00:00-05:00,100.75,102.5999984741211,98.58999633789062,98.95999908447266,1731000,0.0,0.0,107.33293612462917,116.92597518225956,-9.593039057630392,-8.350360688990007
2024-11-14 00:00:00-05:00,99.6500015258789,101.69999694824219,98.68000030517578,99.86000061035156,1809700,0.0,0.0,106.18325373781724,115.66182891767379,-9.478575179856549,-8.576003587163315
2024-11-15 00:00:00-05:00,100.72000122070312,100.95999908447266,97.43000030517578,97.77999877929688,1373800,0.0,0.0,104.89044528266027,114.33724890742364,-9.446803624763376,-8.750163594683327
2024-11-18 00:00:00-05:00,97.43000030517578,98.26000213623047,95.79000091552734,96.51000213623047,1258200,0.0,0.0,103.60114633705568,113.01671210955747,-9.415565772501793,-8.88324403024702
2024-11-19 00:00:00-05:00,95.31999969482422,99.5,95.05000305175781,97.9800033569336,1487100,0.0,0.0,102.7363551093446,111.90288183158533,-9.166526722240732,-8.939900568645763
2024-11-20 00:00:00-05:00,97.30999755859375,99.62999725341797,97.12000274658203,98.58999633789062,1202000,0.0,0.0,102.09845375989013,110.91674216538573,-8.818288405495593,-8.915578136015728
2024-11-21 00:00:00-05:00,98.9800033569336,102.4000015258789,97.29000091552734,101.80999755859375,1479300,0.0,0.0,102.05407588276762,110.24216849080855,-8.188092608040932,-8.77008103042077
2024-11-22 00:00:00-05:00,103.80000305175781,107.7300033569336,103.75,106.08000183105469,1921900,0.0,0.0,102.67344910558103,109.9338598493453,-7.260410743764268,-8.46814697308947
2024-11-25 00:00:00-05:00,107.44000244140625,109.63999938964844,107.11000061035156,108.52999877929688,2042000,0.0,0.0,103.57445674769116,109.82987014045283,-6.2554133927616675,-8.02560025702391
2024-11-26 00:00:00-05:00,108.08000183105469,108.22000122070312,104.02999877929688,104.05999755859375,1313100,0.0,0.0,103.64915533398386,109.40247217142624,-5.753316837442384,-7.571143573107605
2024-11-27 00:00:00-05:00,105.20999908447266,107.27999877929688,105.06999969482422,105.5999984741211,1849000,0.0,0.0,103.94928504785112,109.12080745310735,-5.171522405256226,-7.09121933953733
2024-11-29 00:00:00-05:00,105.98999786376953,106.73999786376953,104.55999755859375,105.5999984741211,760600,0.0,0.0,104.20324095958496,108.86000678799725,-4.65676582841229,-6.604328637312323
2024-12-02 00:00:00-05:00,106.23999786376953,110.18000030517578,105.83000183105469,109.68000030517578,1417600,0.0,0.0,105.04581932044509,108.920747048529,-3.874927728083904,-6.05844845546664
2024-12-03 00:00:00-05:00,109.80000305175781,111.62999725341797,107.61000061035156,111.25,1344800,0.0,0.0,106.00030865576123,109.0932843041935,-3.0929756484322724,-5.465353894059767
2024-12-04 00:00:00-05:00,111.33000183105469,114.02999877929688,111.2300033569336,113.27999877929688,1231700,0.0,0.0,107.12026098245903,109.40341130234931,-2.2831503198902823,-4.82891317922587
2024-12-05 00:00:00-05:00,113.25,113.45999908447266,109.54000091552734,109.91000366210938,1208500,0.0,0.0,107.5494521639437,109.44093666233154,-1.8914844983878396,-4.241427443058264
2024-12-06 00:00:00-05:00,111.7699966430664,112.44999694824219,109.55999755859375,109.75,1035400,0.0,0.0,107.88799798487544,109.46383024289958,-1.5758322580241355,-3.7083084060514384
2024-12-09 00:00:00-05:00,110.12000274658203,112.0,108.5,110.58999633789062,1423300,0.0,0.0,108.30369003918547,109.54724995363966,-1.2435599144541953,-3.21535870773199
2024-12-10 00:00:00-05:00,110.83999633789062,113.0999984741211,110.22000122070312,111.44000244140625,1172400,0.0,0.0,108.78619963952713,109.68745384162239,-0.9012542020952594,-2.7525378066046438
2024-12-11 00:00:00-05:00,112.4000015258789,114.06999969482422,112.31999969482422,113.37000274658203,1444000,0.0,0.0,109.49140011753556,109.96023524198976,-0.46883512445420195,-2.2957972701745555
2024-12-12 00:00:00-05:00,113.08000183105469,113.95999908447266,112.30000305175781,112.94000244140625,1067600,0.0,0.0,110.02195432120797,110.18095873824284,-0.1590044170348648,-1.8684386995466173
2024-12-13 00:00:00-05:00,113.20999908447266,113.33999633789062,110.33000183105469,111.72000122070312,1095800,0.0,0.0,110.2831923057457,110.29496188509174,-0.011769579346037062,-1.4971048755065013
2024-12-16 00:00:00-05:00,111.33999633789062,112.98999786376953,108.87999725341797,108.95999908447266,1498300,0.0,0.0,110.07962411785753,110.19607575171254,-0.11645163385500723,-1.2209742271762025
2024-12-17 00:00:00-05:00,109.0,113.0999984741211,108.66000366210938,111.55000305175781,1353100,0.0,0.0,110.3058362615345,110.29636666282701,0.009469598707482874,-0.9748854619994655
2024-12-18 00:00:00-05:00,111.7300033569336,112.2699966430664,106.45999908447266,106.8499984741211,1492000,0.0,0.0,109.77416890962473,110.04108013033029,-0.26691122070555195,-0.8332906137406828
2024-12-19 00:00:00-05:00,108.38999938964844,109.36000061035156,104.62999725341797,105.68000030517578,1271200,0.0,0.0,109.14429681663259,109.71803718031885,-0.5737403636862553,-0.7813805637297974
2024-12-20 00:00:00-05:00,105.26000213623047,113.0,104.47000122070312,111.86000061035156,2773700,0.0,0.0,109.56209740028166,109.87670113809904,-0.3146037378173787,-0.6880251985473137
2024-12-23 00:00:00-05:00,111.30999755859375,115.38999938964844,111.13999938964844,113.2699966430664,1354500,0.0,0.0,110.13254343763316,110.12805636068921,0.004487076943945567,-0.5495227434490619
2024-12-24 00:00:00-05:00,113.2699966430664,113.5,110.80000305175781,112.27999877929688,483600,0.0,0.0,110.4629211825045,110.28745950280829,0.1754616796962125,-0.4045258588200071
2024-12-26 00:00:00-05:00,112.08999633789062,113.77999877929688,111.7699966430664,112.94999694824219,980100,0.0,0.0,110.84554822338723,110.48468449876636,0.36086372462087013,-0.25144794213183164
2024-12-27 00:00:00-05:00,112.45999908447266,114.16000366210938,110.62999725341797,110.72000122070312,930400,0.0,0.0,110.82623329989737,110.50211536705797,0.3241179328393997,-0.13633476713758536
2024-12-30 00:00:00-05:00,109.44999694824219,109.91999816894531,106.81999969482422,108.70999908447266,1057800,0.0,0.0,110.50065880521664,110.36936601279238,0.1312927924242615,-0.082809255225216
2024-12-31 00:00:00-05:00,109.58999633789062,110.6500015258789,108.68000030517578,109.52999877929688,905400,0.0,0.0,110.35132649353667,110.3071906621631,0.04413583137358046,-0.05742023790545671
2025-01-02 00:00:00-05:00,110.55000305175781,112.4000015258789,109.83000183105469,110.02999877929688,934400,0.0,0.0,110.30189146057671,110.28665793009894,0.015233530477772206,-0.04288948422881093
2025-01-03 00:00:00-05:00,110.5999984741211,111.73999786376953,109.26000213623047,110.80000305175781,729700,0.0,0.0,110.37852401306611,110.32468349466627,0.05384051839983783,-0.023543483703081174
2025-01-06 00:00:00-05:00,112.80000305175781,115.08000183105469,111.23999786376953,112.06999969482422,1264100,0.0,0.0,110.63875104102888,110.45396617615945,0.18478486486942813,0.01812218601142069
2025-01-07 00:00:00-05:00,113.12000274658203,113.80999755859375,110.38999938964844,111.05999755859375,861500,0.0,0.0,110.70355819757732,110.4988573896731,0.20470080790421719,0.05543791038997999
2025-01-08 00:00:00-05:00,109.41999816894531,109.98999786376953,107.51000213623047,109.68000030517578,808400,0.0,0.0,110.54608775259247,110.43820130933997,0.10788644325249663,0.06592761696248332
2025-01-10 00:00:00-05:00,107.98999786376953,110.38999938964844,107.41000366210938,110.04000091552734,764500,0.0,0.0,110.46822823919784,110.40870498387237,0.0595232553254732,0.0646467446350813
2025-01-13 00:00:00-05:00,108.95999908447266,109.83999633789062,103.69000244140625,105.7699966430664,1545700,0.0,0.0,109.74542337825454,110.06509695862749,-0.3196735803729496,-0.012217320366524877
2025-01-14 00:00:00-05:00,106.88999938964844,108.41000366210938,104.3499984741211,105.12000274658203,1153500,0.0,0.0,109.03382020415108,109.69879368366117,-0.6649734795100812,-0.14276855219523615
2025-01-15 00:00:00-05:00,108.36000061035156,108.69999694824219,103.70999908447266,103.88999938964844,962900,0.0,0.0,108.24246315576606,109.26851262484541,-1.0260494690793536,-0.31942473557205964
2025-01-16 00:00:00-05:00,103.66000366210938,103.87999725341797,101.55999755859375,102.66999816894531,1338800,0.0,0.0,107.38516085010133,108.77973377626023,-1.3945729261589008,-0.5344543736894279
2025-01-17 00:00:00-05:00,102.44000244140625,102.58999633789062,99.44000244140625,99.97000122070312,1776700,0.0,0.0,106.24436706096314,108.1271609943671,-1.8827939334039598,-0.8041222856323345
2025-01-21 00:00:00-05:00,101.29000091552734,103.47000122070312,99.33000183105469,103.30000305175781,1666100,0.0,0.0,105.79138798262386,107.76959373935901,-1.97820575673515,-1.0389389798528976
2025-01-22 00:00:00-05:00,103.30000305175781,103.48999786376953,101.29000091552734,102.63999938964844,1222500,0.0,0.0,105.30655896831995,107.3896237875286,-2.0830648192086585,-1.24776414772405
2025-01-23 00:00:00-05:00,102.20999908447266,105.11000061035156,100.05000305175781,105.05999755859375,1224600,0.0,0.0,105.2686264437467,107.21705888168158,-1.9484324379348834,-1.3878978057662168
2025-01-24 00:00:00-05:00,105.33999633789062,105.45999908447266,102.4800033569336,103.58999633789062,1152400,0.0,0.0,105.01037565823037,106.94838758214152,-1.938011923911148,-1.4979206293952032
2025-01-27 00:00:00-05:00,103.5,105.25,101.95999908447266,102.41999816894531,1054700,0.0,0.0,104.6118560444942,106.61295132931218,-2.0010952848179784,-1.5985555604797583
2025-01-28 00:00:00-05:00,102.0,104.0999984741211,101.77999877929688,103.55999755859375,752900,0.0,0.0,104.45003166204798,106.38680660555526,-1.936774943507288,-1.6661994370852644
2025-01-29 00:00:00-05:00,104.11000061035156,106.44999694824219,103.70999908447266,104.7699966430664,1022300,0.0,0.0,104.49925704374311,106.26704290463016,-1.7677858608870451,-1.6865167218456207
2025-01-30 00:00:00-05:00,105.7699966430664,107.69999694824219,104.5,107.01000213623047,929100,0.0,0.0,104.8855255195104,106.32207692178574,-1.4365514022753416,-1.6365236579315652
2025-01-31 00:00:00-05:00,105.58000183105469,106.33999633789062,101.62999725341797,102.06999969482422,1677000,0.0,0.0,104.4523677003279,106.0071082383071,-1.5547405379791996,-1.6201670339410923
2025-02-03 00:00:00-05:00,98.86000061035156,100.05000305175781,96.66000366210938,96.73999786376953,2146600,0.0,0.0,103.2658492639343,105.32065561797098,-2.0548063540366854,-1.707094897960211
2025-02-04 00:00:00-05:00,97.75,98.95999908447266,96.91999816894531,97.27999877929688,1099223,0.0,0.0,102.34494918937469,104.72505140769883,-2.38010221832414,-1.841696362032997
