Date,Open,High,Low,Close,Volume,Dividends,Stock Splits,12_EMA,26_EMA,MACD,Signal,Buy Volume,Sell Volume
2023-02-06 00:00:00-05:00,55.310001373291016,55.77000045776367,54.310001373291016,55.290000915527344,861900,0.0,0.0,55.290000915527344,55.290000915527344,0.0,0.0,0,861900
2023-02-07 00:00:00-05:00,54.84000015258789,55.79999923706055,54.189998626708984,55.63999938964844,639700,0.0,0.0,55.3438468346229,55.3159267284252,0.027920106197704797,0.00558402123954096,639700,0
2023-02-08 00:00:00-05:00,55.16999816894531,55.650001525878906,54.400001525878906,55.119998931884766,717500,0.0,0.0,55.30940869574012,55.30141355831109,0.007995137429027466,0.006066244477438261,0,717500
2023-02-09 00:00:00-05:00,57.029998779296875,59.84000015258789,56.790000915527344,57.22999954223633,2737800,0.0,0.0,55.604884210585695,55.444271779342586,0.1606124312431092,0.036975481830572456,2737800,0
2023-02-10 00:00:00-05:00,55.91999816894531,56.66999816894531,55.22999954223633,55.849998474121094,1241100,0.0,0.0,55.64259409728345,55.47432560858544,0.16826848869801125,0.06323408320406021,0,1241100
2023-02-13 00:00:00-05:00,55.790000915527344,56.810001373291016,55.08000183105469,56.790000915527344,874500,0.0,0.0,55.81911822316712,55.57178303872928,0.2473351844378442,0.100054303450817,874500,0
2023-02-14 00:00:00-05:00,56.27000045776367,56.95000076293945,55.380001068115234,56.79999923706055,816300,0.0,0.0,55.97002299453534,55.662762016383454,0.3072609781518878,0.1414956383910312,816300,0
2023-02-15 00:00:00-05:00,56.33000183105469,57.20000076293945,55.65999984741211,56.65999984741211,631300,0.0,0.0,56.076173279593306,55.73663148534854,0.3395417942447665,0.18110486956177824,631300,0
2023-02-16 00:00:00-05:00,55.400001525878906,56.150001525878906,55.0,55.65999984741211,1131000,0.0,0.0,56.01214659771928,55.73095506772362,0.28119152999565955,0.2011222016485545,1131000,0
2023-02-17 00:00:00-05:00,55.2599983215332,55.439998626708984,53.47999954223633,53.790000915527344,809300,0.0,0.0,55.670278031228214,55.58718068607945,0.0830973451487651,0.17751723034859662,0,809300
2023-02-21 00:00:00-05:00,52.31999969482422,52.95000076293945,50.380001068115234,50.43000030517578,1463100,0.0,0.0,54.86408145798938,55.20516732453103,-0.34108586654165407,0.0737966109705465,0,1463100
2023-02-22 00:00:00-05:00,50.5,51.470001220703125,50.5,51.08000183105469,916500,0.0,0.0,54.28191536153789,54.89959951019945,-0.6176841486615601,-0.06449954095587482,916500,0
2023-02-23 00:00:00-05:00,51.52000045776367,51.95000076293945,50.90999984741211,51.5099983215332,940400,0.0,0.0,53.85546658615255,54.64851794066862,-0.7930513545160665,-0.21020990366791317,0,940400
2023-02-24 00:00:00-05:00,50.34000015258789,50.79999923706055,49.720001220703125,50.150001525878906,1267400,0.0,0.0,53.285395038418145,54.31529450253605,-1.0298994641179036,-0.3741478157579113,0,1267400
2023-02-27 00:00:00-05:00,50.470001220703125,51.95000076293945,50.40999984741211,51.400001525878906,1710500,0.0,0.0,52.99533449802749,54.09934687463552,-1.1040123766080328,-0.5201207279279356,1710500,0
2023-02-28 00:00:00-05:00,53.0,54.630001068115234,50.060001373291016,51.130001068115234,2803400,0.0,0.0,52.70836012419484,53.87939533341179,-1.171035209216953,-0.6503036241857392,0,2803400
2023-03-01 00:00:00-05:00,50.7599983215332,52.20000076293945,50.209999084472656,50.400001525878906,1804600,0.0,0.0,52.353228032146234,53.621662458779724,-1.2684344266334904,-0.7739297846752895,0,1804600
2023-03-02 00:00:00-05:00,49.709999084472656,51.040000915527344,49.099998474121094,50.900001525878906,1053200,0.0,0.0,52.12965472348972,53.42005794523151,-1.2904032217417907,-0.8772244720885898,1053200,0
2023-03-03 00:00:00-05:00,51.540000915527344,53.13999938964844,50.9900016784668,52.86000061035156,901000,0.0,0.0,52.242015629160775,53.378572216721885,-1.1365565875611097,-0.9290908951830938,901000,0
2023-03-06 00:00:00-05:00,53.0099983215332,53.22999954223633,50.720001220703125,50.88999938964844,1009900,0.0,0.0,52.03401313077426,53.194233488790516,-1.1602203580162538,-0.975316787749726,0,1009900
2023-03-07 00:00:00-05:00,50.88999938964844,51.380001068115234,50.310001373291016,51.029998779296875,889900,0.0,0.0,51.87954938439312,53.0339198066058,-1.1543704222126792,-1.0111275146423166,889900,0
2023-03-08 00:00:00-05:00,51.349998474121094,52.47999954223633,50.86000061035156,52.15999984741211,878600,0.0,0.0,51.92269560947297,52.96918499481367,-1.0464893853407062,-1.0181998887819945,878600,0
2023-03-09 00:00:00-05:00,51.970001220703125,53.060001373291016,50.61000061035156,50.70000076293945,1067900,0.0,0.0,51.73458871000628,52.801097273934104,-1.066508563927826,-1.0278616238111609,0,1067900
2023-03-10 00:00:00-05:00,50.810001373291016,50.810001373291016,48.130001068115234,48.81999969482422,1205200,0.0,0.0,51.28619039997827,52.506201156963,-1.2200107569847347,-1.0662914504458758,0,1205200
2023-03-13 00:00:00-04:00,47.83000183105469,49.34000015258789,47.310001373291016,48.65999984741211,845200,0.0,0.0,50.882161084198856,52.221297356255526,-1.3391362720566704,-1.1208604147680348,845200,0
2023-03-14 00:00:00-04:00,49.7599983215332,50.439998626708984,48.349998474121094,49.08000183105469,1062500,0.0,0.0,50.60490581448437,51.98860879883324,-1.3837029843488722,-1.1734289286842023,0,1062500
2023-03-15 00:00:00-04:00,48.09000015258789,49.150001525878906,47.5,48.349998474121094,1013000,0.0,0.0,50.25799699289002,51.719082108113824,-1.4610851152238027,-1.2309601659921225,1013000,0
2023-03-16 00:00:00-04:00,47.880001068115234,48.84000015258789,47.34000015258789,47.900001525878906,1599400,0.0,0.0,49.89522845950369,51.4361872501705,-1.5409587906668065,-1.2929598909270594,1599400,0
2023-03-17 00:00:00-04:00,47.61000061035156,47.86000061035156,46.22999954223633,46.66999816894531,1463900,0.0,0.0,49.39903918403317,51.08313620711678,-1.6840970230836092,-1.3711873173583695,0,1463900
2023-03-20 00:00:00-04:00,46.900001525878906,47.36000061035156,46.18000030517578,46.9900016784668,668800,0.0,0.0,49.02841802933065,50.77994105684641,-1.7515230275157592,-1.4472544593898475,668800,0
2023-03-21 00:00:00-04:00,47.58000183105469,48.90999984741211,47.5,48.810001373291016,981700,0.0,0.0,48.99481546686302,50.63401959880527,-1.6392041319422503,-1.485644393900328,981700,0
2023-03-22 00:00:00-04:00,48.630001068115234,48.83000183105469,47.0,47.02000045776367,652500,0.0,0.0,48.69099777315542,50.36631447724663,-1.675316704091209,-1.5235788559385042,0,652500
2023-03-23 00:00:00-04:00,47.29999923706055,48.08000183105469,45.66999816894531,46.52000045776367,1264100,0.0,0.0,48.35699818617208,50.081402327655304,-1.7244041414832267,-1.5637439130474489,0,1264100
2023-03-24 00:00:00-04:00,45.810001373291016,46.310001373291016,44.900001525878906,46.290000915527344,656200,0.0,0.0,48.03899860607289,49.800557778608784,-1.7615591725358968,-1.6033069649451386,656200,0
2023-03-27 00:00:00-04:00,46.720001220703125,46.720001220703125,45.91999816894531,46.43000030517578,731700,0.0,0.0,47.79146040593487,49.550886854650784,-1.7594264487159137,-1.6345308616992937,0,731700
2023-03-28 00:00:00-04:00,46.41999816894531,47.13999938964844,45.970001220703125,46.349998474121094,551700,0.0,0.0,47.569697031809675,49.313784011648586,-1.7440869798389116,-1.6564420853272173,0,551700
2023-03-29 00:00:00-04:00,47.16999816894531,47.16999816894531,45.86000061035156,46.84000015258789,573000,0.0,0.0,47.45743597346786,49.13054076282928,-1.6731047893614175,-1.6597746261340576,0,573000
2023-03-30 00:00:00-04:00,47.439998626708984,47.68000030517578,46.529998779296875,46.54999923706055,529600,0.0,0.0,47.31783032171289,48.939389538698265,-1.621559216985375,-1.6521315443043212,0,529600
2023-03-31 00:00:00-04:00,47.130001068115234,49.04999923706055,47.029998779296875,48.66999816894531,1709300,0.0,0.0,47.52585614436403,48.91943462242026,-1.3935784780562344,-1.600420931054704,1709300,0
2023-04-03 00:00:00-04:00,48.52000045776367,49.4900016784668,48.52000045776367,49.369998931884766,1217300,0.0,0.0,47.80957041936722,48.95280975645467,-1.1432393370874507,-1.5089846122612534,1217300,0
2023-04-04 00:00:00-04:00,49.36000061035156,49.36000061035156,47.470001220703125,47.7599983215332,635000,0.0,0.0,47.80194394277737,48.864453353867894,-1.0625094110905238,-1.4196895720271077,0,635000
2023-04-05 00:00:00-04:00,47.33000183105469,48.130001068115234,46.84000015258789,47.5,970200,0.0,0.0,47.755491028503926,48.76338273506287,-1.0078917065589437,-1.337329998933475,970200,0
2023-04-06 00:00:00-04:00,47.459999084472656,48.099998474121094,46.84000015258789,47.959999084472656,884100,0.0,0.0,47.78695380634527,48.703872835019155,-0.9169190286738882,-1.2532478048815576,884100,0
2023-04-10 00:00:00-04:00,47.70000076293945,49.119998931884766,47.65999984741211,48.900001525878906,886500,0.0,0.0,47.95819191704275,48.718400886193955,-0.7602089691512077,-1.1546400377354877,886500,0
2023-04-11 00:00:00-04:00,49.5,50.470001220703125,49.4900016784668,50.11000061035156,742000,0.0,0.0,48.28923940832103,48.821482347242664,-0.5322429389216339,-1.030160617972717,742000,0
2023-04-12 00:00:00-04:00,51.540000915527344,51.7400016784668,50.18000030517578,50.56999969482422,830700,0.0,0.0,48.640125606244595,48.95100215076722,-0.31087654452262825,-0.8863038032826992,0,830700
2023-04-13 00:00:00-04:00,51.130001068115234,51.720001220703125,50.29999923706055,51.5099983215332,930100,0.0,0.0,49.08164448551977,49.14055742267581,-0.05891293715604462,-0.7208256300573683,930100,0
2023-04-14 00:00:00-04:00,51.290000915527344,52.2599983215332,51.20000076293945,51.939998626708984,616700,0.0,0.0,49.52139127647195,49.34792343778938,0.1734678386825692,-0.5419669363093808,616700,0
2023-04-17 00:00:00-04:00,51.779998779296875,52.29999923706055,51.470001220703125,52.209999084472656,548000,0.0,0.0,49.935023246933596,49.5599290412474,0.3750942056861959,-0.35855470791026545,548000,0
2023-04-18 00:00:00-04:00,52.52000045776367,53.189998626708984,52.400001525878906,53.18000030517578,791600,0.0,0.0,50.43425048666316,49.828082468205054,0.6061680184581064,-0.16561016263659106,791600,0
2023-04-19 00:00:00-04:00,53.810001373291016,54.75,53.279998779296875,54.52000045776367,1548600,0.0,0.0,51.062827405294,50.1756319489131,0.8871954563809012,0.044950961166907416,1548600,0
2023-04-20 00:00:00-04:00,54.099998474121094,55.560001373291016,53.709999084472656,53.75,1661600,0.0,0.0,51.476238573710305,50.44039995269731,1.0358386210129922,0.24312849313612436,0,1661600
2023-04-21 00:00:00-04:00,53.66999816894531,54.22999954223633,53.150001525878906,53.65999984741211,755300,0.0,0.0,51.812201846587506,50.6788888337873,1.1333130128002082,0.4211653970689412,0,755300
2023-04-24 00:00:00-04:00,55.29999923706055,56.0,54.25,55.189998626708984,902300,0.0,0.0,52.331862889683116,51.01304511474446,1.3188177749386583,0.6006958726428846,0,902300
2023-04-25 00:00:00-04:00,54.93000030517578,55.470001220703125,53.619998931884766,53.68000030517578,873300,0.0,0.0,52.539268645912756,51.2105973510727,1.3286712948400563,0.746290957082319,0,873300
2023-04-26 00:00:00-04:00,53.68000030517578,54.15999984741211,51.97999954223633,52.16999816894531,677800,0.0,0.0,52.48245780330238,51.28166407832252,1.2007937249798601,0.8371915106618272,0,677800
2023-04-27 00:00:00-04:00,52.77000045776367,54.59000015258789,52.47999954223633,54.029998779296875,876800,0.0,0.0,52.720541030378456,51.48524442654284,1.2352966038356143,0.9168125292965846,876800,0
2023-04-28 00:00:00-04:00,54.380001068115234,55.2400016784668,53.970001220703125,54.65999984741211,697500,0.0,0.0,53.01891930992209,51.720411494755375,1.2985078151667153,0.9931515864706109,697500,0
2023-05-01 00:00:00-04:00,54.380001068115234,54.93000030517578,54.2599983215332,54.72999954223633,624600,0.0,0.0,53.28216242258582,51.94334394271692,1.3388184798688982,1.0622849651502684,624600,0
2023-05-02 00:00:00-04:00,54.439998626708984,54.779998779296875,53.40999984741211,54.560001373291016,803400,0.0,0.0,53.47875303038662,52.13717041905574,1.3415826113308782,1.1181444943863905,803400,0
2023-05-03 00:00:00-04:00,54.939998626708984,56.689998626708984,54.709999084472656,55.2400016784668,1303300,0.0,0.0,53.749714360860494,52.36700977160471,1.3827045892557877,1.17105651336027,1303300,0
2023-05-04 00:00:00-04:00,55.130001068115234,55.27000045776367,53.08000183105469,53.22999954223633,777900,0.0,0.0,53.66975823491831,52.43093493979964,1.2388232951186708,1.1846098697119503,0,777900
2023-05-05 00:00:00-04:00,53.90999984741211,55.59000015258789,53.369998931884766,55.22999954223633,1096800,0.0,0.0,53.909795359121084,52.638273058498655,1.2715223006224292,1.2019923558940462,1096800,0
2023-05-08 00:00:00-04:00,55.349998474121094,56.83000183105469,54.91999816894531,56.29999923706055,1474200,0.0,0.0,54.27751903265023,52.909512034688426,1.3680069979618068,1.2351952843075984,1474200,0
2023-05-09 00:00:00-04:00,61.0,62.65999984741211,59.790000915527344,60.88999938964844,3287400,0.0,0.0,55.29482370295765,53.50065924616695,1.7941644567907034,1.3469891188042196,0,3287400
2023-05-10 00:00:00-04:00,61.56999969482422,61.56999969482422,59.38999938964844,59.47999954223633,1571500,0.0,0.0,55.93869690900053,53.94357334217209,1.9951235668284397,1.4766160084090636,0,1571500
2023-05-11 00:00:00-04:00,59.689998626708984,59.84000015258789,57.47999954223633,58.09000015258789,1574400,0.0,0.0,56.2696666387832,54.25071606886955,2.018950569913649,1.5850829207099808,0,1574400
2023-05-12 00:00:00-04:00,58.04999923706055,58.52000045776367,56.119998931884766,56.63999938964844,877300,0.0,0.0,56.326640908147084,54.42770001855688,1.8989408895902073,1.6478545144860262,0,877300
2023-05-15 00:00:00-04:00,56.77000045776367,57.540000915527344,56.08000183105469,57.52000045776367,796100,0.0,0.0,56.51023468501118,54.65675931034997,1.8534753746612083,1.6889786865210628,796100,0
2023-05-16 00:00:00-04:00,56.650001525878906,56.79999923706055,55.349998474121094,55.959999084472656,1006600,0.0,0.0,56.4255830541591,54.75329558991461,1.6722874642444907,1.6856404420657485,0,1006600
2023-05-17 00:00:00-04:00,56.0,57.81999969482422,55.06999969482422,57.11000061035156,1585900,0.0,0.0,56.53087806280409,54.927866332169195,1.603011730634897,1.6691146997795783,1585900,0
2023-05-18 00:00:00-04:00,57.400001525878906,57.83000183105469,56.400001525878906,57.689998626708984,824600,0.0,0.0,56.709204303404846,55.132468724357324,1.5767355790475222,1.6506388756331671,824600,0
2023-05-19 00:00:00-04:00,57.939998626708984,58.150001525878906,55.5,56.560001373291016,1261800,0.0,0.0,56.686250006464256,55.2382118835376,1.4480381229266541,1.6101187250918647,0,1261800
2023-05-22 00:00:00-04:00,56.4900016784668,56.90999984741211,56.209999084472656,56.56999969482422,667000,0.0,0.0,56.66836534313502,55.336862832521795,1.3315025106132268,1.5543954821961372,667000,0
2023-05-23 00:00:00-04:00,55.630001068115234,55.970001220703125,53.349998474121094,54.189998626708984,1361800,0.0,0.0,56.28707815599255,55.25190992838751,1.0351682276050411,1.450550031277918,0,1361800
2023-05-24 00:00:00-04:00,54.0099983215332,54.400001525878906,53.310001373291016,53.849998474121094,963900,0.0,0.0,55.91214282032002,55.14806463547889,0.7640781848411322,1.313255661990561,0,963900
2023-05-25 00:00:00-04:00,53.5099983215332,53.65999984741211,52.040000915527344,52.63999938964844,1330800,0.0,0.0,55.408736138678236,54.96228202467663,0.44645411400160384,1.1398953523927697,0,1330800
2023-05-26 00:00:00-04:00,52.29999923706055,53.08000183105469,51.56999969482422,52.93000030517578,598800,0.0,0.0,55.027392164293246,54.81174263804694,0.21564952624630962,0.9550461871634778,598800,0
2023-05-30 00:00:00-04:00,53.470001220703125,53.72999954223633,52.11000061035156,52.91999816894531,656200,0.0,0.0,54.70317770347049,54.67161341811348,0.03156428535700684,0.7703498068021837,0,656200
2023-05-31 00:00:00-04:00,52.59000015258789,53.06999969482422,51.08000183105469,51.349998474121094,1048700,0.0,0.0,54.18730397587827,54.425567866706636,-0.23826389082836386,0.5686270672760741,0,1048700
2023-06-01 00:00:00-04:00,51.279998779296875,53.4900016784668,51.029998779296875,53.34000015258789,1026800,0.0,0.0,54.0569495415259,54.345155443438586,-0.2882059019126828,0.39726047343832277,1026800,0
2023-06-02 00:00:00-04:00,54.400001525878906,56.31999969482422,53.939998626708984,55.88999938964844,986400,0.0,0.0,54.338957210467825,54.45958832834302,-0.12063111787519176,0.2936821551756199,986400,0
2023-06-05 00:00:00-04:00,55.279998779296875,56.189998626708984,54.0099983215332,55.650001525878906,816900,0.0,0.0,54.540656335915685,54.54776708371604,-0.007110747800354034,0.23352357458042514,816900,0
2023-06-06 00:00:00-04:00,55.54999923706055,58.130001068115234,55.41999816894531,57.47999954223633,825600,0.0,0.0,54.99286298304194,54.76496948805087,0.22789349499106493,0.2323975586625531,825600,0
2023-06-07 00:00:00-04:00,57.95000076293945,59.34000015258789,57.810001373291016,58.209999084472656,857100,0.0,0.0,55.48780699864666,55.0201568655636,0.4676501330830618,0.27944807354665485,857100,0
2023-06-08 00:00:00-04:00,58.040000915527344,58.900001525878906,57.54999923706055,58.900001525878906,1032500,0.0,0.0,56.01276000283624,55.307552766327696,0.7052072365085422,0.36459990613903237,1032500,0
2023-06-09 00:00:00-04:00,58.779998779296875,58.779998779296875,57.40999984741211,57.810001373291016,1021300,0.0,0.0,56.289258675213894,55.492919329806455,0.7963393454074392,0.4509477939927138,0,1021300
2023-06-12 00:00:00-04:00,58.0,58.86000061035156,57.220001220703125,58.41999816894531,1103300,0.0,0.0,56.61706475117257,55.70973998455749,0.9073247666150834,0.5422231885171878,1103300,0
2023-06-13 00:00:00-04:00,58.709999084472656,60.40999984741211,58.689998626708984,59.88999938964844,839900,0.0,0.0,57.12059315709194,56.01938882937904,1.1012043277128996,0.6540194163563302,839900,0
2023-06-14 00:00:00-04:00,60.20000076293945,60.61000061035156,57.439998626708984,57.9900016784668,1266500,0.0,0.0,57.25434831422653,56.16536015153368,1.08898816269285,0.7410131656236342,0,1266500
2023-06-15 00:00:00-04:00,57.38999938964844,59.380001068115234,57.119998931884766,59.349998474121094,985400,0.0,0.0,57.57675603113339,56.40125928654015,1.1754967445932394,0.8279098814175553,985400,0
2023-06-16 00:00:00-04:00,58.93000030517578,59.130001068115234,58.099998474121094,58.43000030517578,1613800,0.0,0.0,57.70802438098606,56.55153639903168,1.1564879819543776,0.8936255015249198,0,1613800
2023-06-20 00:00:00-04:00,57.779998779296875,60.65999984741211,57.779998779296875,60.400001525878906,1097000,0.0,0.0,58.122174710969574,56.83660788990925,1.2855668210603213,0.9720137654320002,1097000,0
2023-06-21 00:00:00-04:00,60.18000030517578,60.38999938964844,58.83000183105469,60.060001373291016,1467700,0.0,0.0,58.420301889788256,57.07537777756716,1.3449241122210935,1.046595834789819,0,1467700
2023-06-22 00:00:00-04:00,59.91999816894531,60.81999969482422,59.27000045776367,60.08000183105469,870700,0.0,0.0,58.67564034229079,57.29794252226994,1.377697820020849,1.112816231836025,870700,0
2023-06-23 00:00:00-04:00,59.2599983215332,60.970001220703125,59.119998931884766,60.59000015258789,1014800,0.0,0.0,58.97015723618266,57.54179864303424,1.4283585931484168,1.1759247040985035,1014800,0
2023-06-26 00:00:00-04:00,60.470001220703125,62.33000183105469,60.470001220703125,61.56999969482422,929600,0.0,0.0,59.37013299905059,57.840183906129795,1.5299490929207948,1.2467295818629618,929600,0
2023-06-27 00:00:00-04:00,62.16999816894531,64.12999725341797,61.880001068115234,63.779998779296875,886000,0.0,0.0,60.04857388831925,58.28017019303106,1.7684036952881854,1.3510644045480067,886000,0
2023-06-28 00:00:00-04:00,63.84000015258789,64.69000244140625,63.459999084472656,64.4000015258789,990500,0.0,0.0,60.71802429409765,58.73349103250127,1.9845332615963827,1.4777581759576819,990500,0
2023-06-29 00:00:00-04:00,64.4000015258789,65.51000213623047,64.11000061035156,64.98999786376953,896600,0.0,0.0,61.3752509971241,59.19693598296559,2.178315014158507,1.617869543597847,896600,0
2023-06-30 00:00:00-04:00,65.76000213623047,66.19999694824219,65.08000183105469,65.55999755859375,611900,0.0,0.0,62.01905816042712,59.66827387745656,2.350784282970558,1.7644524914723894,0,611900
2023-07-03 00:00:00-04:00,65.68000030517578,66.81999969482422,64.91999816894531,64.94999694824219,466100,0.0,0.0,62.469971820090976,60.05951262344068,2.4104591966502937,1.8936538325079704,0,466100
2023-07-05 00:00:00-04:00,64.73999786376953,65.62000274658203,63.849998474121094,64.44000244140625,668000,0.0,0.0,62.773053454139486,60.38399335069739,2.389060103442098,1.992735086694796,0,668000
2023-07-06 00:00:00-04:00,63.560001373291016,63.81999969482422,61.7599983215332,62.33000183105469,845300,0.0,0.0,62.704891665972596,60.52814212702015,2.1767495389524427,2.029537977146325,0,845300
2023-07-07 00:00:00-04:00,62.52000045776367,63.209999084472656,62.11000061035156,62.18000030517578,508400,0.0,0.0,62.62413914892693,60.65050199206871,1.9736371568582172,2.0183578130887034,0,508400
2023-07-10 00:00:00-04:00,62.04999923706055,65.30000305175781,61.849998474121094,65.30000305175781,816200,0.0,0.0,63.03581051859322,60.99490947797161,2.0409010406216126,2.0228664585952854,816200,0
2023-07-11 00:00:00-04:00,65.77999877929688,68.77999877929688,65.51000213623047,68.3499984741211,1539600,0.0,0.0,63.85337789636674,61.539730885093796,2.3136470112729413,2.0810225691308166,1539600,0
2023-07-12 00:00:00-04:00,69.69999694824219,71.13999938964844,68.5,70.73999786376953,1779500,0.0,0.0,64.91285789135178,62.22123214277348,2.6916257485782964,2.2031432050203126,1779500,0
2023-07-13 00:00:00-04:00,71.20999908447266,71.45999908447266,69.73999786376953,70.51000213623047,763900,0.0,0.0,65.7739570059485,62.83521510525178,2.9387419006967264,2.3502629441555953,0,763900
2023-07-14 00:00:00-04:00,70.44000244140625,70.54000091552734,69.4000015258789,69.88999938964844,703800,0.0,0.0,66.4071942957485,63.35779171891079,3.049402576837707,2.490090870692018,0,703800
2023-07-17 00:00:00-04:00,69.94000244140625,70.83999633789062,69.22000122070312,70.69999694824219,830100,0.0,0.0,67.06762547305522,63.90165877293534,3.165966700119874,2.6252660365775893,830100,0
2023-07-18 00:00:00-04:00,71.20999908447266,71.4800033569336,68.79000091552734,69.1500015258789,1485800,0.0,0.0,67.38799101964348,64.29042490278302,3.097566116860463,2.7197260526341642,0,1485800
2023-07-19 00:00:00-04:00,69.4000015258789,69.97000122070312,68.19000244140625,68.7699966430664,1067900,0.0,0.0,67.60060726940085,64.6222450316929,2.9783622377079553,2.771453289648923,0,1067900
2023-07-20 00:00:00-04:00,68.88999938964844,68.88999938964844,66.2699966430664,66.94999694824219,1346100,0.0,0.0,67.50051337383798,64.79467109958543,2.7058422742525465,2.7583310865696475,0,1346100
2023-07-21 00:00:00-04:00,67.18000030517578,67.29000091552734,65.94999694824219,66.79000091552734,1023900,0.0,0.0,67.3912037648671,64.94247330817372,2.448730456693383,2.6964109605943944,0,1023900
2023-07-24 00:00:00-04:00,66.98999786376953,67.76000213623047,65.80999755859375,66.55000305175781,830100,0.0,0.0,67.2617882705426,65.06154958547624,2.2002386850663527,2.5971765054887865,0,830100
2023-07-25 00:00:00-04:00,66.22000122070312,67.87000274658203,66.1500015258789,67.45999908447266,748700,0.0,0.0,67.29228224191645,65.23921251132782,2.053069730588632,2.488355150508756,748700,0
2023-07-26 00:00:00-04:00,67.12999725341797,69.58999633789062,67.12000274658203,69.37999725341797,893600,0.0,0.0,67.61346916676284,65.5459373070382,2.067531859724639,2.404190492351933,893600,0
2023-07-27 00:00:00-04:00,70.0,70.5,67.94000244140625,68.02999877929688,713600,0.0,0.0,67.67755064561423,65.72994186053884,1.9476087850753885,2.312874150896624,0,713600
2023-07-28 00:00:00-04:00,68.9000015258789,70.5999984741211,68.69000244140625,69.26000213623047,1111900,0.0,0.0,67.92100472109365,65.99142780688638,1.9295769142072743,2.2362147035587543,1111900,0
2023-07-31 00:00:00-04:00,69.58999633789062,69.6500015258789,68.3499984741211,69.13999938964844,1470200,0.0,0.0,68.10854236240978,66.22465533153542,1.8838870308743623,2.165749169021876,0,1470200
2023-08-01 00:00:00-04:00,74.0,75.9800033569336,71.0199966430664,75.94999694824219,2780800,0.0,0.0,69.31491999099939,66.94505100684702,2.3698689841523617,2.206573132047973,2780800,0
2023-08-02 00:00:00-04:00,75.02999877929688,76.05000305175781,73.30000305175781,75.43000030517578,1402100,0.0,0.0,70.25570157779575,67.57356576968618,2.682135808109564,2.3016856672602914,1402100,0
2023-08-03 00:00:00-04:00,75.08000183105469,75.19000244140625,71.4000015258789,71.51000213623047,1176900,0.0,0.0,70.44867089447801,67.86515364868946,2.5835172457885562,2.3580519829659443,0,1176900
2023-08-04 00:00:00-04:00,72.13999938964844,73.63999938964844,71.69000244140625,72.55999755859375,1080000,0.0,0.0,70.77349038126505,68.21291986423792,2.5605705170271307,2.3985556897781817,1080000,0
2023-08-07 00:00:00-04:00,72.5,74.91999816894531,72.29000091552734,74.83000183105469,1203200,0.0,0.0,71.39756906584807,68.70307408400213,2.694494981845949,2.4577435481917353,1203200,0
2023-08-08 00:00:00-04:00,74.16000366210938,74.72000122070312,73.29000091552734,73.75,1199600,0.0,0.0,71.75948151725606,69.07692044815012,2.682561069105944,2.502707052374577,0,1199600
2023-08-09 00:00:00-04:00,73.91999816894531,74.51000213623047,72.37999725341797,73.9800033569336,867800,0.0,0.0,72.10110026182184,69.44011177472667,2.6609884870951674,2.5343633393186953,867800,0
2023-08-10 00:00:00-04:00,74.38999938964844,76.02999877929688,73.83999633789062,74.5,806200,0.0,0.0,72.4701617600031,69.81491830993211,2.6552434500709836,2.558539361469153,806200,0
2023-08-11 00:00:00-04:00,74.26000213623047,75.7699966430664,74.1500015258789,74.52999877929688,468600,0.0,0.0,72.78705976297137,70.16418352988505,2.6228762330863162,2.5714067357925856,468600,0
2023-08-14 00:00:00-04:00,74.37000274658203,75.30000305175781,73.9000015258789,75.0,628700,0.0,0.0,73.12751210712962,70.52239215730097,2.605119949828648,2.5781493785997984,628700,0
2023-08-15 00:00:00-04:00,74.66999816894531,75.12999725341797,73.7300033569336,74.05999755859375,463400,0.0,0.0,73.27097140735486,70.78443700184118,2.48653440551368,2.559826383982575,0,463400
2023-08-16 00:00:00-04:00,73.83000183105469,74.22000122070312,72.2699966430664,72.43000030517578,650700,0.0,0.0,73.14159123778884,70.90633057986597,2.235260657922879,2.4949132387706356,0,650700
2023-08-17 00:00:00-04:00,72.55999755859375,72.9000015258789,68.0199966430664,68.33999633789062,1372500,0.0,0.0,72.4028843301122,70.71623174712705,1.6866525829851469,2.333261107613538,0,1372500
2023-08-18 00:00:00-04:00,67.83000183105469,68.18000030517578,67.08000183105469,67.4000015258789,1408900,0.0,0.0,71.63321005253785,70.47058506407164,1.1626249884662059,2.0991338837840714,0,1408900
2023-08-21 00:00:00-04:00,67.41000366210938,68.08000183105469,66.54000091552734,67.98999786376953,959600,0.0,0.0,71.07271586965041,70.28683786404926,0.7858780056011483,1.8364827081474868,959600,0
2023-08-22 00:00:00-04:00,68.48999786376953,68.87000274658203,67.55000305175781,68.43000030517578,966200,0.0,0.0,70.66614424434663,70.14929434116974,0.5168499031768903,1.5725561471533676,0,966200
2023-08-23 00:00:00-04:00,68.94999694824219,70.44000244140625,68.6500015258789,70.37999725341797,809100,0.0,0.0,70.6221216303576,70.16638344578071,0.4557381845768873,1.3491925546380716,809100,0
2023-08-24 00:00:00-04:00,70.04000091552734,71.0999984741211,69.44000244140625,69.45999908447266,633900,0.0,0.0,70.4433335463753,70.11405867827641,0.32927486809889217,1.1452090173302358,0,633900
2023-08-25 00:00:00-04:00,69.73999786376953,70.0,67.02999877929688,68.62999725341797,860700,0.0,0.0,70.16435873207418,70.00412820236096,0.1602305297132176,0.9482133198068323,0,860700
2023-08-28 00:00:00-04:00,68.76000213623047,69.26000213623047,68.0199966430664,68.66000366210938,844200,0.0,0.0,69.93291949054114,69.90456342160158,0.028356068939558554,0.7642418696333776,0,844200
2023-08-29 00:00:00-04:00,68.41999816894531,71.4000015258789,67.9000015258789,71.3499984741211,869000,0.0,0.0,70.15093164186113,70.01163268475118,0.13929895710995766,0.6392532871286937,869000,0
2023-08-30 00:00:00-04:00,71.44999694824219,71.9800033569336,71.08000183105469,71.29000091552734,604600,0.0,0.0,70.32617306857901,70.10632662777164,0.21984644080737326,0.5553719178644295,0,604600
2023-08-31 00:00:00-04:00,71.29000091552734,71.6500015258789,70.77999877929688,71.37000274658203,581000,0.0,0.0,70.48676224981024,70.19993226620204,0.2868299836082002,0.5016635310131836,581000,0
2023-09-01 00:00:00-04:00,72.23999786376953,73.04000091552734,71.79000091552734,72.75,569500,0.0,0.0,70.83495267291636,70.3888261724093,0.44612650050706293,0.49055612491195955,569500,0
2023-09-05 00:00:00-04:00,71.69000244140625,72.1500015258789,69.22000122070312,70.12000274658203,1135300,0.0,0.0,70.72496037655723,70.36891332605173,0.35604705050550933,0.46365431003066954,0,1135300
2023-09-06 00:00:00-04:00,70.05000305175781,71.37999725341797,69.51000213623047,70.19000244140625,878700,0.0,0.0,70.64265915576478,70.35566066792984,0.28699848783493564,0.4283231455915228,878700,0
2023-09-07 00:00:00-04:00,69.69000244140625,70.0,68.5199966430664,69.02999877929688,918100,0.0,0.0,70.39455755938509,70.25746349099407,0.137094068391022,0.3700773301514227,0,918100
2023-09-08 00:00:00-04:00,69.5999984741211,69.69000244140625,67.01000213623047,67.33000183105469,759100,0.0,0.0,69.92308744733425,70.04061447914671,-0.1175270318124575,0.2725564577586467,0,759100
2023-09-11 00:00:00-04:00,67.77999877929688,68.94000244140625,67.30000305175781,68.66000366210938,854200,0.0,0.0,69.72876686499197,69.93834701121803,-0.20958014622605958,0.17612913696170543,854200,0
2023-09-12 00:00:00-04:00,68.11000061035156,69.2699966430664,67.80999755859375,67.87000274658203,884300,0.0,0.0,69.44280315446736,69.7851363249487,-0.34233317048133927,0.07243667547309648,0,884300
2023-09-13 00:00:00-04:00,67.58000183105469,68.12000274658203,65.11000061035156,65.75,1125000,0.0,0.0,68.8746795922416,69.48623733791545,-0.6115577456738492,-0.06436220875629267,0,1125000
2023-09-14 00:00:00-04:00,66.30000305175781,67.0199966430664,65.75,66.9000015258789,724100,0.0,0.0,68.57088296664735,69.29466431480164,-0.7237813481542901,-0.19624603663589216,724100,0
2023-09-15 00:00:00-04:00,66.23999786376953,66.23999786376953,64.12999725341797,64.91000366210938,2218500,0.0,0.0,68.0076707659492,68.96987463682443,-0.9622038708752285,-0.3494376034837594,0,2218500
2023-09-18 00:00:00-04:00,65.0,65.8499984741211,64.55999755859375,65.29000091552734,754700,0.0,0.0,67.58956771203815,68.69729139820983,-1.1077236861716813,-0.5010948200213439,754700,0
2023-09-19 00:00:00-04:00,65.05999755859375,65.58999633789062,64.2699966430664,65.4800033569336,755700,0.0,0.0,67.26501934971436,68.4589737655227,-1.193954415808335,-0.6396667391787421,755700,0
2023-09-20 00:00:00-04:00,65.7300033569336,66.83999633789062,64.54000091552734,64.55999755859375,486400,0.0,0.0,66.84886215108043,68.17016071315759,-1.3212985620771605,-0.7759931037584258,0,486400
2023-09-21 00:00:00-04:00,63.72999954223633,64.05000305175781,62.540000915527344,63.209999084472656,1024200,0.0,0.0,66.28903706391,67.802741333255,-1.5137042693449985,-0.9235353368757404,0,1024200
2023-09-22 00:00:00-04:00,63.849998474121094,64.38999938964844,63.310001373291016,63.959999084472656,849500,0.0,0.0,65.93072352861195,67.51809375927112,-1.5873702306591753,-1.0563023156324274,849500,0
2023-09-25 00:00:00-04:00,63.58000183105469,64.72000122070312,63.58000183105469,64.23999786376953,842600,0.0,0.0,65.67061188786697,67.27527184108583,-1.6046599532188566,-1.1659738431497133,842600,0
2023-09-26 00:00:00-04:00,63.90999984741211,64.79000091552734,63.599998474121094,63.599998474121094,795800,0.0,0.0,65.35205597805991,67.0030293694588,-1.6509733913988924,-1.2629737527995493,0,795800
2023-09-27 00:00:00-04:00,64.20999908447266,64.3499984741211,61.2400016784668,61.41999816894531,1974500,0.0,0.0,64.74712400742689,66.5894715027541,-1.8423474953272034,-1.3788485013050802,0,1974500
2023-09-28 00:00:00-04:00,61.45000076293945,63.189998626708984,61.0,62.79999923706055,1524300,0.0,0.0,64.44756635044746,66.30876985344347,-1.8612035029960055,-1.4753195016432654,1524300,0
2023-09-29 00:00:00-04:00,63.4900016784668,63.5,61.33000183105469,61.630001068115234,1370800,0.0,0.0,64.0140947685502,65.9621943878636,-1.9480996193134104,-1.5698755251772945,0,1370800
2023-10-02 00:00:00-04:00,61.189998626708984,62.560001373291016,60.70000076293945,61.02000045776367,1173200,0.0,0.0,63.55346487458304,65.59610594859694,-2.0426410740139005,-1.6644286349446156,0,1173200
2023-10-03 00:00:00-04:00,60.869998931884766,61.11000061035156,57.869998931884766,58.720001220703125,2161300,0.0,0.0,62.80985508167844,65.08676485764184,-2.2769097759633965,-1.7869248631483718,0,2161300
2023-10-04 00:00:00-04:00,59.25,60.2400016784668,57.81999969482422,59.630001068115234,1228000,0.0,0.0,62.32064677189949,64.68256013249172,-2.361913360592226,-1.9019225626371428,1228000,0
2023-10-05 00:00:00-04:00,59.43000030517578,59.97999954223633,57.91999816894531,58.20000076293945,897700,0.0,0.0,61.68670123205949,64.20237054956192,-2.5156693175024287,-2.0246719136102,0,897700
2023-10-06 00:00:00-04:00,57.189998626708984,59.52000045776367,57.16999816894531,58.619998931884766,1502500,0.0,0.0,61.214900878186455,63.78886154084509,-2.573960662658635,-2.134529663419887,1502500,0
2023-10-09 00:00:00-04:00,57.540000915527344,58.13999938964844,56.33000183105469,57.869998931884766,1465800,0.0,0.0,60.700300578755424,63.3504272735147,-2.6501266947592725,-2.2376490696877642,1465800,0
2023-10-10 00:00:00-04:00,58.099998474121094,60.2599983215332,57.81999969482422,59.08000183105469,865600,0.0,0.0,60.45102384833993,63.034099462962104,-2.5830756146221745,-2.3067343786746464,865600,0
2023-10-11 00:00:00-04:00,59.209999084472656,60.119998931884766,58.56999969482422,59.810001373291016,713300,0.0,0.0,60.35240500602471,62.79527738224573,-2.4428723762210183,-2.333961978183921,713300,0
2023-10-12 00:00:00-04:00,59.060001373291016,59.369998931884766,56.02000045776367,56.9900016784668,1018600,0.0,0.0,59.835112186400416,62.36525695974359,-2.5301447733431743,-2.373198537215772,0,1018600
2023-10-13 00:00:00-04:00,57.0,57.52000045776367,55.68000030517578,56.86000061035156,835900,0.0,0.0,59.37740271316213,61.95746019312196,-2.5800574799598337,-2.414570325764584,0,835900
2023-10-16 00:00:00-04:00,57.59000015258789,58.779998779296875,56.959999084472656,58.59000015258789,726300,0.0,0.0,59.25626385768916,61.70801870863795,-2.451754850948788,-2.422007230801425,726300,0
2023-10-17 00:00:00-04:00,57.88999938964844,59.25,57.83000183105469,57.91999816894531,911500,0.0,0.0,59.050684520959344,61.42742459458665,-2.376740073627303,-2.412953799366601,911500,0
2023-10-18 00:00:00-04:00,57.119998931884766,57.119998931884766,55.779998779296875,56.279998779296875,1341400,0.0,0.0,58.624425176088195,61.04613379345407,-2.421708617365873,-2.4147047629664553,0,1341400
2023-10-19 00:00:00-04:00,55.959999084472656,56.4900016784668,54.529998779296875,54.790000915527344,1130900,0.0,0.0,58.03451375138653,60.582716543237275,-2.5482027918507484,-2.441404368743314,0,1130900
2023-10-20 00:00:00-04:00,54.79999923706055,55.33000183105469,53.59000015258789,54.869998931884766,810500,0.0,0.0,57.547665317617025,60.15955227572968,-2.611886958112656,-2.4755008866171826,810500,0
2023-10-23 00:00:00-04:00,54.650001525878906,56.4900016784668,54.650001525878906,55.619998931884766,809500,0.0,0.0,57.2511012582736,59.823289065074505,-2.5721878068009048,-2.494838270653927,809500,0
2023-10-24 00:00:00-04:00,56.45000076293945,56.810001373291016,55.810001373291016,56.279998779296875,887500,0.0,0.0,57.101700876892565,59.560823117979865,-2.4591222410873,-2.4876950647406018,0,887500
2023-10-25 00:00:00-04:00,55.459999084472656,55.790000915527344,54.119998931884766,54.43000030517578,807200,0.0,0.0,56.690670019705365,59.18076216888327,-2.4900921491779044,-2.488174481628062,0,807200
2023-10-26 00:00:00-04:00,55.0,55.779998779296875,54.09000015258789,54.970001220703125,841900,0.0,0.0,56.42595174293579,58.868853950499556,-2.442902207563769,-2.479120026815204,0,841900
2023-10-27 00:00:00-04:00,55.060001373291016,55.34000015258789,54.18000030517578,54.279998779296875,1007900,0.0,0.0,56.095805133145184,58.52893875263269,-2.4331336194875064,-2.469922745349664,0,1007900
2023-10-30 00:00:00-04:00,54.77000045776367,55.95000076293945,54.56999969482422,55.29999923706055,1965100,0.0,0.0,55.97337345682447,58.28975804777549,-2.3163845909510243,-2.439215114469936,1965100,0
2023-10-31 00:00:00-04:00,58.25,59.5,55.66999816894531,56.209999084472656,3256500,0.0,0.0,56.00977739953957,58.13570182827158,-2.125924428732006,-2.37655697732235,0,3256500
2023-11-01 00:00:00-04:00,56.40999984741211,59.119998931884766,56.16999816894531,58.400001525878906,1820500,0.0,0.0,56.37750418820717,58.1552795836499,-1.777775395442731,-2.2568006609464266,1820500,0
2023-11-02 00:00:00-04:00,59.72999954223633,62.22999954223633,59.689998626708984,61.869998931884766,1849700,0.0,0.0,57.22250337954218,58.43044397981544,-1.2079406002732611,-2.0470286488117937,1849700,0
2023-11-03 00:00:00-04:00,63.290000915527344,64.61000061035156,62.619998931884766,62.709999084472656,1434200,0.0,0.0,58.06673348799303,58.747448061641904,-0.6807145736488778,-1.7737658337792106,0,1434200
2023-11-06 00:00:00-05:00,62.52000045776367,62.70000076293945,59.630001068115234,60.16999816894531,1333500,0.0,0.0,58.390312669677996,58.852822143664376,-0.46250947398637976,-1.5115145618206445,0,1333500
2023-11-07 00:00:00-05:00,60.20000076293945,61.86000061035156,60.20000076293945,61.15999984741211,702200,0.0,0.0,58.8164183893294,59.02372419579383,-0.20730580646443286,-1.2506728107494023,702200,0
2023-11-08 00:00:00-05:00,60.95000076293945,61.939998626708984,60.88999938964844,61.4900016784668,522500,0.0,0.0,59.22773889535054,59.20641141673257,0.021327478617969575,-0.9962727528759279,522500,0
2023-11-09 00:00:00-05:00,61.75,61.75,60.130001068115234,60.369998931884766,586000,0.0,0.0,59.403471208663504,59.292603084521616,0.11086812414188785,-0.7748445774723648,0,586000
2023-11-10 00:00:00-05:00,60.83000183105469,61.72999954223633,59.86000061035156,61.41999816894531,692400,0.0,0.0,59.71370612562994,59.45018790559004,0.26351822003989867,-0.5671720179699121,692400,0
2023-11-13 00:00:00-05:00,61.09000015258789,61.630001068115234,60.599998474121094,61.380001068115234,436900,0.0,0.0,59.9700591937046,59.59313702874005,0.37692216496454733,-0.37835318138302027,436900,0
2023-11-14 00:00:00-05:00,64.02999877929688,66.76000213623047,63.7599983215332,66.04000091552734,1013700,0.0,0.0,60.90389638167733,60.07068250183541,0.8332138798419209,-0.13603976913803206,1013700,0
2023-11-15 00:00:00-05:00,66.0199966430664,68.5,66.0199966430664,66.41999816894531,1024000,0.0,0.0,61.7525274258724,60.54100218088058,1.2115252449918188,0.13347323368793812,1024000,0
2023-11-16 00:00:00-05:00,66.44000244140625,66.83000183105469,65.83999633789062,66.0,516600,0.0,0.0,62.405984744968954,60.94537238970424,1.4606123552647148,0.39890105800329345,0,516600
2023-11-17 00:00:00-05:00,66.5999984741211,67.58999633789062,66.41999816894531,67.55999755859375,667100,0.0,0.0,63.198909793218924,61.435344624436794,1.7635651687821294,0.6718338801590606,667100,0
2023-11-20 00:00:00-05:00,67.37999725341797,68.12999725341797,66.77999877929688,67.83000183105469,855700,0.0,0.0,63.9113854913475,61.90902293603812,2.0023625553093822,0.937939615189125,855700,0
2023-11-21 00:00:00-05:00,67.41999816894531,68.0999984741211,67.16000366210938,67.58000183105469,638200,0.0,0.0,64.4757880051486,62.32909544678009,2.146692558368514,1.1796902038250028,638200,0
2023-11-22 00:00:00-05:00,68.0999984741211,68.63999938964844,67.41999816894531,67.58000183105469,526000,0.0,0.0,64.95335936298031,62.71805147524487,2.2353078877354378,1.39081374060709,0,526000
2023-11-24 00:00:00-05:00,67.19000244140625,68.83999633789062,67.01000213623047,68.2300033569336,246400,0.0,0.0,65.45745843897312,63.12634420722181,2.3311142317513074,1.5788738388359336,246400,0
2023-11-27 00:00:00-05:00,67.66999816894531,69.79000091552734,67.54000091552734,68.9000015258789,796200,0.0,0.0,65.98708045234324,63.55402252712234,2.4330579252208935,1.7497106561129256,796200,0
2023-11-28 00:00:00-05:00,68.52999877929688,69.3499984741211,68.05999755859375,69.05000305175781,711200,0.0,0.0,66.45829931379163,63.961132195613864,2.4971671181777637,1.8992019485258935,711200,0
2023-11-29 00:00:00-05:00,70.0,71.3499984741211,69.91000366210938,70.22000122070312,845800,0.0,0.0,67.03702268408571,64.42475212339825,2.612270560687463,2.041815670958208,845800,0
2023-11-30 00:00:00-05:00,70.1500015258789,70.54000091552734,69.11000061035156,70.2699966430664,886600,0.0,0.0,67.53440329315967,64.85773319892922,2.6766700942304453,2.1687865556126553,886600,0
2023-12-01 00:00:00-05:00,70.20999908447266,72.22000122070312,69.63999938964844,72.06999969482422,902100,0.0,0.0,68.23218735495422,65.3919751615881,2.8402121933661135,2.303071683163347,902100,0
2023-12-04 00:00:00-05:00,71.77999877929688,72.76000213623047,71.22000122070312,72.66000366210938,667100,0.0,0.0,68.91338986374733,65.9303476431082,2.9830422206391205,2.4390657906585016,667100,0
2023-12-05 00:00:00-05:00,72.51000213623047,73.08999633789062,71.66000366210938,71.86000061035156,492200,0.0,0.0,69.36671459399413,66.36958119623735,2.997133397756784,2.550679312078158,0,492200
2023-12-06 00:00:00-05:00,72.72000122070312,74.31999969482422,72.47000122070312,72.58000183105469,877200,0.0,0.0,69.86106647661883,66.82961235437196,3.0314541222468705,2.646834274111901,0,877200
2023-12-07 00:00:00-05:00,72.5199966430664,73.19000244140625,72.27999877929688,72.87999725341797,618000,0.0,0.0,70.32551736535716,67.27778901356055,3.047728351796607,2.7270130896488425,618000,0
2023-12-08 00:00:00-05:00,72.76000213623047,74.25,72.76000213623047,72.95999908447266,457000,0.0,0.0,70.73082224522108,67.69869346325774,3.032128781963337,2.7880362281117415,457000,0
2023-12-11 00:00:00-05:00,73.05000305175781,73.19999694824219,72.44000244140625,72.52999877929688,660800,0.0,0.0,71.0076186350789,68.0565679311125,2.951050703966402,2.8206391232826737,0,660800
2023-12-12 00:00:00-05:00,72.61000061035156,73.69999694824219,71.98999786376953,72.8499984741211,787500,0.0,0.0,71.29106168723924,68.41163686022425,2.8794248270149865,2.8323962640291365,787500,0
2023-12-13 00:00:00-05:00,71.58000183105469,75.72000122070312,71.41999816894531,75.44999694824219,889600,0.0,0.0,71.93089788123969,68.93299686674409,2.9979010144955964,2.8654972141224286,889600,0
2023-12-14 00:00:00-05:00,77.4000015258789,80.58999633789062,77.19999694824219,80.13999938964844,1303100,0.0,0.0,73.19383657484103,69.76314520177405,3.4306913730669777,2.978536045911339,1303100,0
2023-12-15 00:00:00-05:00,80.06999969482422,81.12000274658203,79.41999816894531,80.22000122070312,1798800,0.0,0.0,74.27478498189674,70.53772712910212,3.7370578527946208,3.1302404072879955,1798800,0
2023-12-18 00:00:00-05:00,80.6500015258789,81.06999969482422,78.3499984741211,79.01000213623047,658200,0.0,0.0,75.00327992871732,71.16530305555608,3.8379768731612387,3.2717877004626446,0,658200
2023-12-19 00:00:00-05:00,79.7699966430664,81.0199966430664,79.48999786376953,80.91999816894531,954200,0.0,0.0,75.91354427336778,71.88787306395528,4.025671209412494,3.4225644022526147,954200,0
2023-12-20 00:00:00-05:00,81.51000213623047,84.68000030517578,81.01000213623047,81.55999755859375,1412300,0.0,0.0,76.78222939417176,72.6043267302248,4.177902663946966,3.573632054591485,1412300,0
2023-12-21 00:00:00-05:00,82.69999694824219,83.3499984741211,82.0199966430664,83.19000244140625,764000,0.0,0.0,77.76804063220784,73.38845085697898,4.379589775228865,3.734823598718961,764000,0
2023-12-22 00:00:00-05:00,83.4800033569336,83.83000183105469,82.52999877929688,83.31999969482422,712200,0.0,0.0,78.62218818030266,74.12412114126381,4.498067039038844,3.887472286782938,0,712200
2023-12-26 00:00:00-05:00,83.66000366210938,84.11000061035156,83.20999908447266,83.43000030517578,411900,0.0,0.0,79.36185158412928,74.81344552377581,4.5484060603534715,4.019659041497045,0,411900
2023-12-27 00:00:00-05:00,83.5999984741211,84.36000061035156,83.43000030517578,83.62000274658203,590700,0.0,0.0,80.01695176296818,75.46578309583553,4.551168667132643,4.125960966624165,590700,0
2023-12-28 00:00:00-05:00,83.56999969482422,84.20999908447266,83.01000213623047,83.72000122070312,290600,0.0,0.0,80.58665167954278,76.07720666064054,4.509445018902241,4.20265777707978,290600,0
2023-12-29 00:00:00-05:00,83.36000061035156,84.05999755859375,82.77999877929688,82.79000091552734,419700,0.0,0.0,80.92562848507887,76.57445067952104,4.351177805557839,4.232361782775392,0,419700
2024-01-02 00:00:00-05:00,81.77999877929688,83.08000183105469,80.23999786376953,80.70999908447266,721000,0.0,0.0,80.89245473113947,76.88078759840633,4.0116671327331375,4.188222852766941,0,721000
2024-01-03 00:00:00-05:00,78.88999938964844,79.05000305175781,77.08000183105469,77.16000366210938,1087200,0.0,0.0,80.31823148975022,76.90147026979174,3.416761219958474,4.033930526205248,0,1087200
2024-01-04 00:00:00-05:00,76.31999969482422,77.97000122070312,76.18000030517578,76.4000015258789,1023000,0.0,0.0,79.71542687992387,76.86432443690931,2.851102443014554,3.7973649095671096,1023000,0
2024-01-05 00:00:00-05:00,75.83999633789062,77.68000030517578,75.79000091552734,77.37000274658203,684700,0.0,0.0,79.35459239787127,76.90178208947766,2.452810308393609,3.5284539893324096,684700,0
2024-01-08 00:00:00-05:00,77.7699966430664,79.37000274658203,77.5,79.36000061035156,494100,0.0,0.0,79.35542443056055,77.08387235028313,2.2715520802774165,3.277073607521411,494100,0
2024-01-09 00:00:00-05:00,78.48999786376953,79.62000274658203,78.37000274658203,79.62000274658203,388600,0.0,0.0,79.39612878687154,77.27173386112008,2.12439492575146,3.046537871167421,388600,0
2024-01-10 00:00:00-05:00,79.91999816894531,81.36000061035156,79.7300033569336,81.33999633789062,681600,0.0,0.0,79.69518533318218,77.57308663717717,2.122098696005011,2.8616500361349395,681600,0
2024-01-11 00:00:00-05:00,81.0199966430664,82.55000305175781,80.43000030517578,82.5,811600,0.0,0.0,80.12669528192339,77.93804318257146,2.188652099351927,2.727050448778337,811600,0
2024-01-12 00:00:00-05:00,83.01000213623047,83.63999938964844,81.12999725341797,81.91999816894531,423800,0.0,0.0,80.40258803377291,78.23300281119175,2.169585222581162,2.615557403538902,0,423800
2024-01-16 00:00:00-05:00,81.2699966430664,81.55000305175781,79.33000183105469,80.87000274658203,510600,0.0,0.0,80.4744979895897,78.42833613973919,2.046161849850506,2.5016782928012233,0,510600
2024-01-17 00:00:00-05:00,79.6500015258789,80.44000244140625,79.04000091552734,79.80000305175781,573100,0.0,0.0,80.37072953761556,78.52994109618501,1.840788441430547,2.369500322527088,573100,0
2024-01-18 00:00:00-05:00,80.47000122070312,81.29000091552734,79.12999725341797,81.26000213623047,639400,0.0,0.0,80.50754070663324,78.73216783989207,1.775372866741165,2.2506748313699037,639400,0
2024-01-19 00:00:00-05:00,81.37999725341797,82.33000183105469,79.94999694824219,82.30000305175781,579500,0.0,0.0,80.7833041443447,78.99645192965991,1.7868522146847852,2.1579103080328803,579500,0
2024-01-22 00:00:00-05:00,83.51000213623047,84.12000274658203,82.62999725341797,83.79000091552734,617800,0.0,0.0,81.24587287837281,79.35152963231675,1.894343246056053,2.105196895637515,617800,0
2024-01-23 00:00:00-05:00,83.63999938964844,83.70999908447266,80.88999938964844,81.2699966430664,906400,0.0,0.0,81.2495842267872,79.49363829977969,1.7559459270075166,2.0353467019115157,0,906400
2024-01-24 00:00:00-05:00,82.1500015258789,82.66999816894531,78.61000061035156,79.19000244140625,837200,0.0,0.0,80.93272549057475,79.47114675471498,1.4615787358597743,1.9205931087011674,0,837200
2024-01-25 00:00:00-05:00,80.72000122070312,81.41999816894531,79.69000244140625,81.4000015258789,679700,0.0,0.0,81.00461411139078,79.6140248859123,1.3905892254784789,1.8145923320566297,679700,0
2024-01-26 00:00:00-05:00,81.4800033569336,81.79000091552734,80.54000091552734,81.2300033569336,359600,0.0,0.0,81.03928937993584,79.73372699487685,1.305562385058991,1.7127863426571022,0,359600
2024-01-29 00:00:00-05:00,81.55999755859375,83.5,80.81999969482422,83.25,673400,0.0,0.0,81.37939870609955,79.99419166192301,1.3852070441765392,1.6472704829609897,673400,0
2024-01-30 00:00:00-05:00,83.01000213623047,83.51000213623047,82.38999938964844,83.37000274658203,627200,0.0,0.0,81.6856454815584,80.24425174226812,1.4413937392902767,1.606095134226847,627200,0
2024-01-31 00:00:00-05:00,82.91000366210938,83.9000015258789,81.30000305175781,81.4800033569336,692100,0.0,0.0,81.65400823161612,80.33578889891001,1.3182193327061071,1.5485199739226991,0,692100
2024-02-01 00:00:00-05:00,82.63999938964844,87.0,82.52999877929688,86.80000305175781,1562400,0.0,0.0,82.44569974240714,80.81461957689874,1.6310801655084077,1.5650320122398411,1562400,0
2024-02-02 00:00:00-05:00,85.70999908447266,87.36000061035156,84.0999984741211,86.56999969482422,1671500,0.0,0.0,83.08020742739438,81.24094403007841,1.8392633973159747,1.6198782892550678,1671500,0
2024-02-05 00:00:00-05:00,85.36000061035156,85.95999908447266,80.06999969482422,82.54000091552734,1586900,0.0,0.0,82.997098733261,81.33717046603759,1.6599282672234068,1.6278882848487357,0,1586900
2024-02-06 00:00:00-05:00,82.5199966430664,83.5999984741211,82.0,83.19000244140625,795300,0.0,0.0,83.02677622682181,81.47441727902786,1.5523589477939481,1.6127824174377783,795300,0
2024-02-07 00:00:00-05:00,86.25,92.25,86.25,89.91000366210938,2487500,0.0,0.0,84.08573429378913,82.0992755296265,1.9864587641626343,1.6875176867827495,2487500,0
2024-02-08 00:00:00-05:00,90.22000122070312,91.37000274658203,89.04000091552734,90.4000015258789,1078100,0.0,0.0,85.05716002180293,82.71414412194149,2.3430158998614417,1.818617329398488,1078100,0
2024-02-09 00:00:00-05:00,90.4000015258789,91.88999938964844,89.83000183105469,91.12999725341797,782700,0.0,0.0,85.99144267282063,83.337540650199,2.6539020226216223,1.985674268043115,782700,0
2024-02-12 00:00:00-05:00,91.06999969482422,93.16999816894531,90.47000122070312,92.26000213623047,920900,0.0,0.0,86.95583643642213,83.99846372323837,2.9573727131837586,2.180013957071244,920900,0
2024-02-13 00:00:00-05:00,87.91000366210938,90.95999908447266,87.87999725341797,89.33000183105469,644300,0.0,0.0,87.32109265098099,84.39339247196551,2.927700179015474,2.32955120146009,644300,0
2024-02-14 00:00:00-05:00,90.80999755859375,91.2300033569336,88.87000274658203,90.87999725341797,565000,0.0,0.0,87.86861643597129,84.87388171503606,2.9947347209352273,2.4625879053551176,565000,0
2024-02-15 00:00:00-05:00,90.87000274658203,90.93000030517578,88.95999908447266,90.62999725341797,1032000,0.0,0.0,88.29344425404001,85.30026064380509,2.9931836102349223,2.568707046331079,0,1032000
2024-02-16 00:00:00-05:00,89.12999725341797,91.97000122070312,88.87000274658203,90.86000061035156,791700,0.0,0.0,88.68829907808795,85.71209323391963,2.9762058441683195,2.6502068058985273,791700,0
2024-02-20 00:00:00-05:00,89.80999755859375,90.88999938964844,89.02999877929688,90.68000030517578,744900,0.0,0.0,88.99471465148608,86.08008635030897,2.9146283011771033,2.7030911049542423,744900,0
2024-02-21 00:00:00-05:00,90.72000122070312,91.33999633789062,89.91999816894531,90.93000030517578,734800,0.0,0.0,89.29245090589988,86.43933923585466,2.853111670045223,2.7330952179724384,734800,0
2024-02-22 00:00:00-05:00,92.12000274658203,93.7300033569336,91.5,93.5199966430664,869500,0.0,0.0,89.94284255777166,86.96383237712959,2.9790101806420637,2.7822782105063633,869500,0
2024-02-23 00:00:00-05:00,94.26000213623047,94.52999877929688,92.5999984741211,93.80999755859375,696800,0.0,0.0,90.53778948097505,87.47095572390471,3.0668337570703414,2.839189319819159,0,696800
2024-02-26 00:00:00-05:00,93.80999755859375,95.44999694824219,93.58999633789062,94.86000061035156,1343500,0.0,0.0,91.20274503934067,88.01829238216003,3.1844526571806426,2.908241987291456,1343500,0
2024-02-27 00:00:00-05:00,98.30999755859375,101.91000366210938,91.7699966430664,93.16999816894531,2904800,0.0,0.0,91.50539936697216,88.39990021821819,3.105499148753964,2.947693419583958,0,2904800
2024-02-28 00:00:00-05:00,93.22000122070312,94.13999938964844,92.29000091552734,92.5,942900,0.0,0.0,91.65841484897643,88.70361131316498,2.9548035358114504,2.9491154428294566,0,942900
2024-02-29 00:00:00-05:00,92.76000213623047,92.93000030517578,91.08999633789062,91.76000213623047,1519300,0.0,0.0,91.67404366240012,88.93001063339206,2.7440330290080652,2.9080989600651788,0,1519300
2024-03-01 00:00:00-05:00,91.22000122070312,94.69999694824219,90.3499984741211,94.61000061035156,907500,0.0,0.0,92.12572934670034,89.35075063168536,2.7749787150149814,2.8814749110551396,907500,0
2024-03-04 00:00:00-05:00,94.75,96.94000244140625,94.75,96.02999877929688,651600,0.0,0.0,92.72638618248442,89.84550975373065,2.8808764287537656,2.8813552145948647,651600,0
2024-03-05 00:00:00-05:00,95.61000061035156,97.25,93.5999984741211,93.91000366210938,890900,0.0,0.0,92.90848117934979,90.14658337657352,2.761897802776275,2.857463732231147,0,890900
2024-03-06 00:00:00-05:00,95.26000213623047,95.93000030517578,94.26000213623047,94.51000213623047,879300,0.0,0.0,93.1548690188699,90.46979958099254,2.6850694378773596,2.8229848733603893,0,879300
2024-03-07 00:00:00-05:00,95.3499984741211,96.69000244140625,95.31999969482422,95.7300033569336,638300,0.0,0.0,93.55104353241816,90.85944430513632,2.6915992272818414,2.79670774414468,638300,0
2024-03-08 00:00:00-05:00,96.33999633789062,97.6500015258789,94.38999938964844,94.9000015258789,514500,0.0,0.0,93.75857553141213,91.15874484000614,2.599830691405998,2.7573323335969437,0,514500
2024-03-11 00:00:00-04:00,94.26000213623047,94.30000305175781,92.68000030517578,93.88999938964844,544200,0.0,0.0,93.77879458652542,91.3610599918315,2.4177345946939255,2.6894127858163404,0,544200
2024-03-12 00:00:00-04:00,94.04000091552734,96.2699966430664,93.38999938964844,95.81999969482422,545800,0.0,0.0,94.09282614164832,91.6913518216828,2.4014743199655157,2.6318250926461753,545800,0
2024-03-13 00:00:00-04:00,95.58000183105469,97.05999755859375,95.54000091552734,96.31999969482422,602600,0.0,0.0,94.43546822675229,92.03421462710068,2.4012535996516107,2.585710794047263,602600,0
2024-03-14 00:00:00-04:00,96.04000091552734,96.80999755859375,93.87999725341797,94.83999633789062,566200,0.0,0.0,94.49770332077358,92.24205030938143,2.2556530113921553,2.5196992375162415,0,566200
2024-03-15 00:00:00-04:00,94.48999786376953,95.91000366210938,94.16000366210938,94.4000015258789,1432600,0.0,0.0,94.48267227540518,92.40189854764049,2.0807737277646936,2.4319141355659317,0,1432600
2024-03-18 00:00:00-04:00,95.08999633789062,95.7300033569336,93.81999969482422,94.63999938964844,496100,0.0,0.0,94.50687644682722,92.56768379519663,1.9391926516305915,2.333369838778864,0,496100
2024-03-19 00:00:00-04:00,94.80000305175781,96.4800033569336,94.37999725341797,96.08999633789062,477300,0.0,0.0,94.75043335314466,92.82859583539619,1.9218375177484717,2.2510633745727855,477300,0
2024-03-20 00:00:00-04:00,96.36000061035156,98.69000244140625,95.70999908447266,98.4000015258789,560100,0.0,0.0,95.31190537971916,93.24129255320972,2.0706128265094463,2.214973264960118,560100,0
2024-03-21 00:00:00-04:00,99.19999694824219,100.75,98.73999786376953,99.79000091552734,576700,0.0,0.0,96.00084315445888,93.72638206152955,2.2744610929293287,2.22687083055396,576700,0
2024-03-22 00:00:00-04:00,99.80000305175781,100.06999969482422,98.27999877929688,99.58000183105469,486500,0.0,0.0,96.55148295085823,94.15998352593881,2.3914994249194166,2.2597965494270515,0,486500
2024-03-25 00:00:00-04:00,99.4000015258789,100.7699966430664,99.37999725341797,100.0999984741211,640400,0.0,0.0,97.0974084159756,94.59998463321158,2.4974237827640167,2.3073219960944447,640400,0
2024-03-26 00:00:00-04:00,100.0999984741211,100.61000061035156,98.01000213623047,98.11000061035156,908400,0.0,0.0,97.25319183049497,94.85998581670341,2.3932060137915556,2.324498799633867,0,908400
2024-03-27 00:00:00-04:00,98.62999725341797,99.44000244140625,98.06999969482422,99.25,465700,0.0,0.0,97.56039308734191,95.18517205250316,2.375221034838745,2.3346432466748426,465700,0
2024-03-28 00:00:00-04:00,99.66000366210938,100.33000183105469,98.44999694824219,99.75,523400,0.0,0.0,97.8972556892893,95.52330745602144,2.3739482332678534,2.342504243993445,523400,0
2024-04-01 00:00:00-04:00,99.86000061035156,99.86000061035156,97.72000122070312,97.97000122070312,414600,0.0,0.0,97.9084473095068,95.70454403118305,2.20390327832375,2.3147840508595063,0,414600
2024-04-02 00:00:00-04:00,96.25,96.33000183105469,93.37999725341797,94.98999786376953,934600,0.0,0.0,97.45945508708567,95.6516146854487,1.807840401636966,2.2133953210149984,0,934600
2024-04-03 00:00:00-04:00,94.54000091552734,96.56999969482422,93.08000183105469,95.19999694824219,836200,0.0,0.0,97.11184614264822,95.61816151972971,1.493684622918508,2.0694531813957004,836200,0
2024-04-04 00:00:00-04:00,96.5,97.48999786376953,94.4000015258789,94.88999938964844,474300,0.0,0.0,96.77002356526363,95.56422358416813,1.2057999810954954,1.8967225413356597,0,474300
2024-04-05 00:00:00-04:00,95.22000122070312,96.79000091552734,94.2699966430664,96.33000183105469,459500,0.0,0.0,96.70232791384686,95.62094789875232,1.0813800150945383,1.7336540360874355,459500,0
2024-04-08 00:00:00-04:00,97.31999969482422,97.69000244140625,96.36000061035156,97.3499984741211,446600,0.0,0.0,96.80196953850444,95.74902571915001,1.0529438193544252,1.5975119927408334,446600,0
2024-04-09 00:00:00-04:00,97.45999908447266,97.45999908447266,94.44999694824219,96.0199966430664,781300,0.0,0.0,96.68166601612936,95.76909763944012,0.9125683766892365,1.4605232695305141,0,781300
2024-04-10 00:00:00-04:00,91.11000061035156,93.81999969482422,90.29000091552734,92.12000274658203,1015500,0.0,0.0,95.97987166696824,95.49879431404322,0.48107735292501275,1.2646340862094139,1015500,0
2024-04-11 00:00:00-04:00,92.94999694824219,93.19999694824219,92.01000213623047,92.76000213623047,614000,0.0,0.0,95.48450712377782,95.29592081939043,0.18858630438738544,1.0494245298450082,0,614000
2024-04-12 00:00:00-04:00,91.76000213623047,92.51000213623047,91.0999984741211,91.91999816894531,349800,0.0,0.0,94.93612113072666,95.045852474913,-0.10973134418634345,0.817593355038738,349800,0
2024-04-15 00:00:00-04:00,92.66999816894531,92.69999694824219,89.4800033569336,90.19999694824219,492200,0.0,0.0,94.20748664111366,94.68690021367814,-0.47941357256448214,0.558191969518094,0,492200
2024-04-16 00:00:00-04:00,89.5999984741211,90.05000305175781,87.97000122070312,88.9800033569336,599000,0.0,0.0,93.4032584435475,94.26416711317854,-0.8609086696310442,0.2743718416882664,0,599000
2024-04-17 00:00:00-04:00,89.80999755859375,89.80999755859375,86.7300033569336,87.7699966430664,580100,0.0,0.0,92.53660278193502,93.78311744872579,-1.2465146667907732,-0.02980546000754153,0,580100
2024-04-18 00:00:00-04:00,88.6500015258789,89.81999969482422,87.62999725341797,87.94999694824219,766000,0.0,0.0,91.83097111521305,93.35103444868997,-1.5200633334769265,-0.3278570347014185,0,766000
2024-04-19 00:00:00-04:00,87.94999694824219,88.72000122070312,86.37000274658203,87.44999694824219,532200,0.0,0.0,91.15697508952522,92.91392055976792,-1.756945470242698,-0.6136747218096745,0,532200
2024-04-22 00:00:00-04:00,88.79000091552734,89.02999877929688,87.22000122070312,87.81999969482422,471800,0.0,0.0,90.64359425957122,92.5365930882906,-1.892998828719385,-0.8695395431916166,0,471800
2024-04-23 00:00:00-04:00,88.06999969482422,90.58000183105469,87.06999969482422,90.16999816894531,619500,0.0,0.0,90.57073332255186,92.3612897609317,-1.7905564383798378,-1.053742922229261,619500,0
2024-04-24 00:00:00-04:00,90.25,91.33999633789062,88.22000122070312,89.19999694824219,372800,0.0,0.0,90.35985080342729,92.1271199229547,-1.7672691195274126,-1.1964481616888913,0,372800
2024-04-25 00:00:00-04:00,87.25,89.79000091552734,85.83000183105469,89.41000366210938,487600,0.0,0.0,90.21372047399376,91.92585205178098,-1.7121315777872184,-1.2995848449085567,487600,0
2024-04-26 00:00:00-04:00,90.0,91.4800033569336,89.55000305175781,90.52999877929688,359700,0.0,0.0,90.26237867480963,91.82245551307844,-1.560076838268813,-1.351683243580608,359700,0
2024-04-29 00:00:00-04:00,90.9000015258789,91.5,89.8499984741211,90.23999786376953,446600,0.0,0.0,90.25893547311115,91.70523642794444,-1.4463009548332906,-1.3706067858311446,0,446600
2024-04-30 00:00:00-04:00,89.47000122070312,90.77999877929688,88.52999877929688,88.55000305175781,430900,0.0,0.0,89.99602279290295,91.4715154371158,-1.4754926442128493,-1.3915839575074855,0,430900
2024-05-01 00:00:00-04:00,88.22000122070312,91.91000366210938,87.36000061035156,89.13999938964844,747900,0.0,0.0,89.86432688470995,91.29881054471082,-1.4344836600008648,-1.4001638980061615,747900,0
2024-05-02 00:00:00-04:00,90.12999725341797,90.3499984741211,87.20999908447266,90.06999969482422,418100,0.0,0.0,89.89596885549676,91.2077875187933,-1.3118186632965347,-1.382494851064236,0,418100
2024-05-03 00:00:00-04:00,91.8499984741211,93.87000274658203,91.75,92.01000213623047,623800,0.0,0.0,90.2212047448404,91.26721082378864,-1.0460060789482384,-1.3151970966410367,623800,0
2024-05-06 00:00:00-04:00,93.41000366210938,94.0,92.55999755859375,93.37000274658203,531400,0.0,0.0,90.70563520664682,91.42297318844001,-0.7173379817931931,-1.195625273671468,0,531400
2024-05-07 00:00:00-04:00,92.69000244140625,93.61000061035156,91.51000213623047,92.51000213623047,1048000,0.0,0.0,90.98323011889045,91.50349385123931,-0.5202637323488659,-1.0605529654069477,0,1048000
2024-05-08 00:00:00-04:00,91.9000015258789,92.44999694824219,90.54000091552734,90.79000091552734,901900,0.0,0.0,90.95350254914227,91.45064252266806,-0.4971399735257904,-0.9478703670307163,0,901900
2024-05-09 00:00:00-04:00,90.33000183105469,93.95999908447266,90.22000122070312,93.41000366210938,1166700,0.0,0.0,91.33142579729105,91.5957803848489,-0.2643545875578468,-0.8111672111361424,1166700,0
2024-05-10 00:00:00-04:00,87.05999755859375,90.80999755859375,84.69000244140625,87.37999725341797,2470100,0.0,0.0,90.72351371361827,91.28350015289104,-0.5599864392727625,-0.7609310567634665,2470100,0
2024-05-13 00:00:00-04:00,88.19000244140625,89.68000030517578,87.19000244140625,87.58999633789062,1158900,0.0,0.0,90.24143411735248,91.00990727770582,-0.7684731603533379,-0.7624394774814408,0,1158900
2024-05-14 00:00:00-04:00,88.11000061035156,88.58999633789062,86.55999755859375,88.48999786376953,1209300,0.0,0.0,89.97198238603202,90.82324732111795,-0.851264935085922,-0.780204569002337,1209300,0
2024-05-15 00:00:00-04:00,90.13999938964844,92.0199966430664,89.58000183105469,91.83000183105469,1475300,0.0,0.0,90.25783153142014,90.89782172926141,-0.6399901978412714,-0.752161694770124,1475300,0
2024-05-16 00:00:00-04:00,91.5,91.9800033569336,88.33000183105469,88.6500015258789,938100,0.0,0.0,90.01047306902917,90.73131652901085,-0.7208434599816798,-0.7458980478124352,0,938100
2024-05-17 00:00:00-04:00,88.69999694824219,89.55000305175781,87.45999908447266,87.6500015258789,613100,0.0,0.0,89.6473236008522,90.50307097322332,-0.8557473723711126,-0.7678679127241708,0,613100
2024-05-20 00:00:00-04:00,87.70999908447266,88.87000274658203,86.76000213623047,87.5999984741211,735900,0.0,0.0,89.33235050443203,90.2880285658824,-0.9556780614503708,-0.8054299424694108,0,735900
2024-05-21 00:00:00-04:00,87.33999633789062,87.98999786376953,86.44000244140625,87.94999694824219,352600,0.0,0.0,89.11968072655668,90.1148410386498,-0.9951603120931196,-0.8433760163941526,352600,0
2024-05-22 00:00:00-04:00,87.43000030517578,88.36000061035156,86.98999786376953,87.93000030517578,613600,0.0,0.0,88.93665296942116,89.95300098431838,-1.0163480148972184,-0.8779704160947659,613600,0
2024-05-23 00:00:00-04:00,88.80000305175781,88.81999969482422,86.5999984741211,87.12000274658203,576900,0.0,0.0,88.65716831975361,89.74314926300458,-1.0859809432509735,-0.9195725215260075,0,576900
2024-05-24 00:00:00-04:00,87.83999633789062,88.83000183105469,87.0,88.30000305175781,445400,0.0,0.0,88.60221981698503,89.63624954365297,-1.0340297266679386,-0.9424639625543938,445400,0
2024-05-28 00:00:00-04:00,88.61000061035156,88.83999633789062,86.58999633789062,86.70999908447266,543700,0.0,0.0,88.31110893506005,89.41949025038035,-1.108381315320301,-0.9756474331075753,0,543700
2024-05-29 00:00:00-04:00,85.62999725341797,86.58999633789062,84.98999786376953,85.37999725341797,627400,0.0,0.0,87.86016867634589,89.12026854690166,-1.260099870555763,-1.032537920597213,0,627400
2024-05-30 00:00:00-04:00,85.93000030517578,86.62999725341797,85.47000122070312,85.94999694824219,436700,0.0,0.0,87.56629610279148,88.88543361366762,-1.319137510876132,-1.0898578386529967,436700,0
2024-05-31 00:00:00-04:00,86.02999877929688,86.52999877929688,84.73999786376953,86.4800033569336,893200,0.0,0.0,87.39917414189027,88.70725359465028,-1.308079452760012,-1.1335021614743996,893200,0
2024-06-03 00:00:00-04:00,86.83999633789062,86.83999633789062,84.16000366210938,84.37999725341797,759500,0.0,0.0,86.9346853898176,88.38671608789234,-1.4520306980747364,-1.197207868794467,0,759500
2024-06-04 00:00:00-04:00,84.0,84.62999725341797,82.30999755859375,82.5199966430664,746200,0.0,0.0,86.25550250570203,87.95214427716449,-1.6966417714624669,-1.297094649328067,0,746200
2024-06-05 00:00:00-04:00,82.83999633789062,83.5,82.36000061035156,82.88999938964844,964700,0.0,0.0,85.73773279553994,87.57717058179294,-1.8394377862530007,-1.405563276713054,964700,0
2024-06-06 00:00:00-04:00,82.2699966430664,82.56999969482422,81.4800033569336,81.70999908447266,593200,0.0,0.0,85.11808145537574,87.14256528569514,-2.0244838303193973,-1.5293473874343229,0,593200
2024-06-07 00:00:00-04:00,80.70999908447266,81.62000274658203,79.79000091552734,80.12999725341797,687300,0.0,0.0,84.35068388584378,86.62311580182276,-2.2724319159789843,-1.6779642931432552,0,687300
2024-06-10 00:00:00-04:00,79.52999877929688,81.86000061035156,79.52999877929688,81.5,643700,0.0,0.0,83.9121171341755,86.24362574242849,-2.331508608252989,-1.808673156165202,643700,0
2024-06-11 00:00:00-04:00,81.29000091552734,81.56999969482422,79.94000244140625,81.5199966430664,636200,0.0,0.0,83.5440985970818,85.89372729062389,-2.349628693542087,-1.9168642636405793,636200,0
2024-06-12 00:00:00-04:00,84.79000091552734,87.43000030517578,84.79000091552734,85.79000091552734,969700,0.0,0.0,83.88962203068881,85.88604385543155,-1.9964218247427397,-1.9327757758610116,969700,0
2024-06-13 00:00:00-04:00,85.69999694824219,86.9000015258789,84.58000183105469,86.38999938964844,629300,0.0,0.0,84.27429547052876,85.92337389500317,-1.6490784244744106,-1.8760363055836915,629300,0
2024-06-14 00:00:00-04:00,85.12000274658203,85.66999816894531,83.19999694824219,84.4800033569336,568200,0.0,0.0,84.30594283766797,85.81645755884986,-1.5105147211818917,-1.8029319887033315,0,568200
2024-06-17 00:00:00-04:00,84.19000244140625,84.19000244140625,82.7699966430664,83.70999908447266,723700,0.0,0.0,84.21425918333023,85.66042359778488,-1.4461644144546568,-1.7315784738535966,0,723700
2024-06-18 00:00:00-04:00,83.45999908447266,84.19999694824219,82.0999984741211,84.16999816894531,760100,0.0,0.0,84.20744979650178,85.55002171416713,-1.342571917665353,-1.6537771626159479,760100,0
2024-06-20 00:00:00-04:00,83.52999877929688,84.88999938964844,82.91999816894531,84.0199966430664,834300,0.0,0.0,84.17861084981942,85.43668652371522,-1.258075673895803,-1.5746368648719191,834300,0
2024-06-21 00:00:00-04:00,83.72000122070312,84.05000305175781,76.1500015258789,78.01000213623047,3752800,0.0,0.0,83.22959412465188,84.88656175427191,-1.656967629620027,-1.5911030178215408,0,3752800
2024-06-24 00:00:00-04:00,78.2699966430664,79.87000274658203,77.87000274658203,78.93000030517578,1469400,0.0,0.0,82.56811815242479,84.44533498026479,-1.8772168278400017,-1.648325779825233,1469400,0
2024-06-25 00:00:00-04:00,77.19000244140625,77.19000244140625,73.4000015258789,74.54000091552734,1692900,0.0,0.0,81.3330231929021,83.71160653102497,-2.3785833381228656,-1.7943772914847598,0,1692900
2024-06-26 00:00:00-04:00,74.75,75.29000091552734,74.08999633789062,74.54000091552734,893200,0.0,0.0,80.28794284253675,83.0322283372844,-2.7442854947476434,-1.9843589321373367,0,893200
2024-06-27 00:00:00-04:00,74.22000122070312,75.0,73.80000305175781,74.31999969482422,849900,0.0,0.0,79.36979774288866,82.38687806747252,-3.0170803245838584,-2.190903210626641,849900,0
2024-06-28 00:00:00-04:00,74.56999969482422,75.44000244140625,73.51000213623047,74.12000274658203,1405600,0.0,0.0,78.5621369742261,81.77451693259175,-3.212379958365645,-2.395198560174442,0,1405600
2024-07-01 00:00:00-04:00,74.55000305175781,75.05000305175781,71.94000244140625,72.6500015258789,1153400,0.0,0.0,77.65257767448038,81.09862690246487,-3.4460492279844885,-2.6053686937364517,0,1153400
2024-07-02 00:00:00-04:00,72.62000274658203,73.5,72.3499984741211,72.58999633789062,792700,0.0,0.0,76.87371900731273,80.46835797175567,-3.594638964442936,-2.8032227478777485,0,792700
2024-07-03 00:00:00-04:00,71.72000122070312,71.87000274658203,69.98999786376953,70.94000244140625,1183700,0.0,0.0,75.9608395356348,79.76255385839646,-3.8017143227616543,-3.00292106285453,0,1183700
2024-07-05 00:00:00-04:00,70.63999938964844,71.13999938964844,69.8499984741211,71.02999877929688,1078500,0.0,0.0,75.20224865004435,79.1156979266113,-3.9134492765669506,-3.1850267055970147,1078500,0
2024-07-08 00:00:00-04:00,71.70999908447266,72.33000183105469,70.5,70.95999908447266,853400,0.0,0.0,74.54959487072563,78.51157208645289,-3.9619772157272592,-3.340416807623064,0,853400
2024-07-09 00:00:00-04:00,71.4000015258789,74.18000030517578,71.11000061035156,72.91999816894531,1505700,0.0,0.0,74.29888768583635,78.09738142589677,-3.7984937400604224,-3.4320321941105356,1505700,0
2024-07-10 00:00:00-04:00,73.1500015258789,74.98999786376953,73.1500015258789,74.77999877929688,1112800,0.0,0.0,74.37290477713798,77.85164937800049,-3.4787446008625125,-3.4413746754609313,1112800,0
2024-07-11 00:00:00-04:00,76.4000015258789,78.83000183105469,75.94000244140625,78.37999725341797,1302900,0.0,0.0,74.98938054271952,77.89078625766105,-2.901405714941532,-3.3333808833570515,1302900,0
2024-07-12 00:00:00-04:00,78.91999816894531,82.11000061035156,78.69000244140625,81.55000305175781,1629800,0.0,0.0,75.99870708257156,78.16183935352007,-2.163132270948509,-3.099331160875343,1629800,0
2024-07-15 00:00:00-04:00,82.0999984741211,82.79000091552734,81.23999786376953,81.31999969482422,1443200,0.0,0.0,76.81736748445658,78.39577715657963,-1.578409672123044,-2.7951468631248835,0,1443200
2024-07-16 00:00:00-04:00,82.31999969482422,85.91999816894531,82.04000091552734,85.81999969482422,1076900,0.0,0.0,78.20238782451314,78.94571956681997,-0.743331742306836,-2.3847838389612743,1076900,0
2024-07-17 00:00:00-04:00,84.37000274658203,85.37999725341797,83.30999755859375,83.33999633789062,753700,0.0,0.0,78.99278913426352,79.27122154986225,-0.2784324155987292,-1.9635135542887654,0,753700
2024-07-18 00:00:00-04:00,83.63999938964844,86.3499984741211,82.33000183105469,82.80999755859375,900700,0.0,0.0,79.58005196877585,79.53335310606458,0.046698862711267,-1.561471070888759,0,900700
2024-07-19 00:00:00-04:00,82.69999694824219,82.69999694824219,80.86000061035156,81.1500015258789,771400,0.0,0.0,79.82158266986862,79.65310484086564,0.16847782900298114,-1.2154812909104111,0,771400
2024-07-22 00:00:00-04:00,82.11000061035156,82.1500015258789,79.77999877929688,81.72000122070312,903900,0.0,0.0,80.1136470623047,79.80620827640915,0.30743878589554186,-0.9108972755492206,0,903900
2024-07-23 00:00:00-04:00,80.1500015258789,80.62000274658203,79.36000061035156,79.55000305175781,1082100,0.0,0.0,80.02693259914363,79.78723011162016,0.23970248752347345,-0.6807773229346818,0,1082100
2024-07-24 00:00:00-04:00,78.87999725341797,79.8499984741211,76.41999816894531,76.5,1129700,0.0,0.0,79.48432758389077,79.5437315848335,-0.05940400094272036,-0.5565026585362896,0,1129700
2024-07-25 00:00:00-04:00,77.06999969482422,80.12000274658203,76.87999725341797,78.4800033569336,781900,0.0,0.0,79.32981616435889,79.46493690128536,-0.1351207369264671,-0.47222627421432506,781900,0
2024-07-26 00:00:00-04:00,80.70999908447266,83.7300033569336,80.41000366210938,82.5,1012600,0.0,0.0,79.81753675445752,79.68975639007904,0.12778036437848073,-0.3522249464957639,1012600,0
2024-07-29 00:00:00-04:00,82.83000183105469,84.25,82.4000015258789,83.58999633789062,904300,0.0,0.0,80.39791515190876,79.97866305287991,0.41925209902885285,-0.19792953739084057,904300,0
2024-07-30 00:00:00-04:00,83.87999725341797,84.81999969482422,83.08000183105469,84.5,859700,0.0,0.0,81.02900512853819,80.31357690081472,0.7154282277234643,-0.015257984367979621,859700,0
2024-07-31 00:00:00-04:00,85.0,86.55999755859375,83.41000366210938,83.62999725341797,899700,0.0,0.0,81.42915776313508,80.55923766767422,0.8699200954608557,0.16177763159778746,0,899700
2024-08-01 00:00:00-04:00,84.16999816894531,85.13999938964844,79.8499984741211,80.43000030517578,1071600,0.0,0.0,81.27544123114134,80.54966452971138,0.7257767014299645,0.2745774455642229,0,1071600
2024-08-02 00:00:00-04:00,78.12000274658203,78.12000274658203,75.30000305175781,77.26000213623047,925500,0.0,0.0,80.65768137038582,80.30598583389798,0.35169553648783847,0.290001063748946,0,925500
2024-08-05 00:00:00-04:00,72.62999725341797,76.6500015258789,72.19999694824219,75.44999694824219,1054200,0.0,0.0,79.85649915159448,79.94628295347904,-0.0897838018845647,0.2140440906222439,1054200,0
2024-08-06 00:00:00-04:00,74.95999908447266,78.18000030517578,74.27999877929688,76.55999755859375,1684400,0.0,0.0,79.3493450603636,79.69544699830236,-0.3461019379387551,0.10201488491004411,1684400,0
2024-08-07 00:00:00-04:00,61.040000915527344,62.70000076293945,58.68000030517578,60.06999969482422,6830600,0.0,0.0,76.3832919272037,78.24171016100769,-1.858418233803988,-0.2900717388327623,0,6830600
2024-08-08 00:00:00-04:00,61.0099983215332,62.4900016784668,59.459999084472656,60.70000076293945,2552100,0.0,0.0,73.97047790193227,76.94232427966931,-2.9718463777370374,-0.8264266666136173,0,2552100
2024-08-09 00:00:00-04:00,60.54999923706055,61.86000061035156,60.0,60.70000076293945,1837000,0.0,0.0,71.92886603439491,75.739189204356,-3.8103231699610802,-1.4232059672831099,1837000,0
2024-08-12 00:00:00-04:00,60.41999816894531,61.189998626708984,58.90999984741211,59.16999816894531,1663800,0.0,0.0,69.9659632858642,74.5118417202515,-4.545878434387291,-2.047740460703946,0,1663800
2024-08-13 00:00:00-04:00,59.4900016784668,61.68000030517578,59.43000030517578,61.41999816894531,1494200,0.0,0.0,68.65119942172284,73.54207553126585,-4.890876109543015,-2.61636759047176,1494200,0
2024-08-14 00:00:00-04:00,61.939998626708984,62.619998931884766,60.369998931884766,60.459999084472656,1017800,0.0,0.0,67.39101475445358,72.57303283150338,-5.182018077049804,-3.129497687787369,0,1017800
2024-08-15 00:00:00-04:00,61.72999954223633,64.30000305175781,61.279998779296875,63.75,1678200,0.0,0.0,66.8308586383838,71.91947484398462,-5.088616205600815,-3.5213213913500585,1678200,0
2024-08-16 00:00:00-04:00,63.33000183105469,64.5,63.09000015258789,63.400001525878906,1518800,0.0,0.0,66.3030344672292,71.28840274634716,-4.985368279117964,-3.8141307689036394,1518800,0
2024-08-19 00:00:00-04:00,64.02999877929688,64.9000015258789,63.45000076293945,64.0,927200,0.0,0.0,65.94872147227086,70.74852106143257,-4.799799589161708,-4.011264532955254,0,927200
2024-08-20 00:00:00-04:00,64.16999816894531,65.2699966430664,63.290000915527344,64.11000061035156,839700,0.0,0.0,65.66584133966789,70.25677880579693,-4.590937466129034,-4.12719911959001,0,839700
2024-08-21 00:00:00-04:00,64.33999633789062,65.56999969482422,64.20999908447266,65.43000030517578,771800,0.0,0.0,65.62955810359219,69.89923965760278,-4.269681554010589,-4.155695606474126,771800,0
2024-08-22 00:00:00-04:00,65.47000122070312,65.97000122070312,63.93000030517578,64.08000183105469,723900,0.0,0.0,65.39116483089411,69.46818500378441,-4.0770201728903,-4.139960519757361,0,723900
2024-08-23 00:00:00-04:00,64.77999877929688,67.77999877929688,64.43000030517578,67.52999877929688,905000,0.0,0.0,65.72021620757145,69.32461565382238,-3.6043994462509232,-4.032848305056074,905000,0
2024-08-26 00:00:00-04:00,67.69999694824219,68.08999633789062,66.44999694824219,66.5,628000,0.0,0.0,65.84018294486815,69.11538486465035,-3.275201919782205,-3.8813190280013004,0,628000
2024-08-27 00:00:00-04:00,65.80000305175781,65.80999755859375,63.90999984741211,65.08000183105469,862500,0.0,0.0,65.72323200428146,68.81646760290252,-3.093235598621064,-3.7237023421252533,0,862500
2024-08-28 00:00:00-04:00,64.7300033569336,64.81999969482422,63.61000061035156,63.959999084472656,625000,0.0,0.0,65.45196540123395,68.45672919412993,-3.004763792895986,-3.5799146322794,0,625000
2024-08-29 00:00:00-04:00,64.36000061035156,64.58999633789062,63.36000061035156,63.59000015258789,560400,0.0,0.0,65.16550920913456,68.0962307466083,-2.930721537473744,-3.450076013318269,0,560400
2024-08-30 00:00:00-04:00,64.63999938964844,64.83999633789062,62.72999954223633,63.7400016784668,641800,0.0,0.0,64.94620035826259,67.77354711193115,-2.8273467536685644,-3.325530161388328,0,641800
2024-09-03 00:00:00-04:00,63.2400016784668,64.0199966430664,61.040000915527344,61.310001373291016,1079100,0.0,0.0,64.38678512980542,67.29476594610595,-2.9079808163005367,-3.24202029237077,0,1079100
2024-09-04 00:00:00-04:00,61.0,61.95000076293945,60.560001373291016,61.189998626708984,751800,0.0,0.0,63.89497182163673,66.84256095948396,-2.947589137847231,-3.1831340614660624,751800,0
2024-09-05 00:00:00-04:00,61.209999084472656,61.72999954223633,60.45000076293945,60.849998474121094,1142300,0.0,0.0,63.426514383557404,66.39866744204967,-2.9721530584922675,-3.1409378608713037,0,1142300
2024-09-06 00:00:00-04:00,61.209999084472656,62.59000015258789,60.970001220703125,61.7400016784668,965800,0.0,0.0,63.16705089046654,66.05358108919168,-2.88653019872514,-3.0900563284420715,965800,0
2024-09-09 00:00:00-04:00,61.90999984741211,63.470001220703125,61.599998474121094,61.86000061035156,1299300,0.0,0.0,62.965966231987316,65.74294549816649,-2.7769792661791755,-3.0274409159894926,0,1299300
2024-09-10 00:00:00-04:00,62.29999923706055,63.939998626708984,61.4900016784668,63.790000915527344,1318200,0.0,0.0,63.09274079868578,65.59828293648953,-2.5055421378037437,-2.923061160352343,1318200,0
2024-09-11 00:00:00-04:00,63.52000045776367,64.1500015258789,62.29999923706055,63.540000915527344,913000,0.0,0.0,63.16155004743064,65.44581760160344,-2.2842675541728,-2.7953024391164347,913000,0
2024-09-12 00:00:00-04:00,63.75,64.44999694824219,63.310001373291016,64.12000274658203,625400,0.0,0.0,63.309004308838546,65.34760909382408,-2.03860478498553,-2.643962908290254,625400,0
2024-09-13 00:00:00-04:00,65.30000305175781,66.44999694824219,64.87999725341797,66.0999984741211,890500,0.0,0.0,63.73838802657433,65.40334164051275,-1.6649536139384224,-2.4481610494198875,890500,0
2024-09-16 00:00:00-04:00,66.23999786376953,67.1500015258789,65.7699966430664,66.22000122070312,876500,0.0,0.0,64.12017467182491,65.46383494274907,-1.3436602709241612,-2.2272608937207425,0,876500
2024-09-17 00:00:00-04:00,66.98999786376953,68.44000244140625,66.66000366210938,67.86000061035156,946100,0.0,0.0,64.69553250852132,65.64132869590482,-0.9457961873834932,-1.9709679524532928,946100,0
2024-09-18 00:00:00-04:00,68.33000183105469,70.3499984741211,67.25,68.0,1274700,0.0,0.0,65.20391212259497,65.81604508880075,-0.6121329662057775,-1.6992009552037899,0,1274700
2024-09-19 00:00:00-04:00,70.1500015258789,71.30999755859375,68.72000122070312,71.23999786376953,1464500,0.0,0.0,66.13254069816028,66.21781936842807,-0.08527867026778324,-1.3764164982165887,1464500,0
2024-09-20 00:00:00-04:00,70.66999816894531,71.04000091552734,69.0,69.1500015258789,1701500,0.0,0.0,66.59676544088623,66.43501804675776,0.1617473941284686,-1.0687837197475774,0,1701500
2024-09-23 00:00:00-04:00,69.87000274658203,70.63999938964844,68.87999725341797,69.66000366210938,798100,0.0,0.0,67.06803285953595,66.67390587011714,0.3941269894188082,-0.7762015779143003,0,798100
2024-09-24 00:00:00-04:00,69.66999816894531,70.5999984741211,69.30999755859375,69.80999755859375,843800,0.0,0.0,67.48987358246791,66.90620895815245,0.5836646243154604,-0.5042283374683483,843800,0
2024-09-25 00:00:00-04:00,69.7300033569336,69.7300033569336,66.31999969482422,66.41000366210938,1515000,0.0,0.0,67.3237397485666,66.8694530102974,0.4542867382691895,-0.31252532232084074,0,1515000
2024-09-26 00:00:00-04:00,67.27999877929688,67.62999725341797,66.51000213623047,67.0,1204900,0.0,0.0,67.2739336334025,66.87912315768278,0.39481047571972283,-0.171058162712728,0,1204900
2024-09-27 00:00:00-04:00,68.05000305175781,69.3499984741211,67.51000213623047,67.88999938964844,769900,0.0,0.0,67.36871298051726,66.95400287856913,0.4147101019481312,-0.05390450978055618,0,769900
2024-09-30 00:00:00-04:00,67.4800033569336,67.72000122070312,65.97000122070312,66.58000183105469,865900,0.0,0.0,67.24737280367687,66.92629909727177,0.3210737064051017,0.021091133456575394,0,865900
2024-10-01 00:00:00-04:00,67.33000183105469,68.05000305175781,65.9000015258789,67.73999786376953,1056000,0.0,0.0,67.32316127446036,66.9865730799753,0.33658819448505994,0.08419054566227231,1056000,0
2024-10-02 00:00:00-04:00,67.66999816894531,68.30999755859375,66.43000030517578,67.44999694824219,1078000,0.0,0.0,67.34267445504219,67.020900773921,0.32177368112118643,0.13170717275405514,0,1078000
2024-10-03 00:00:00-04:00,66.9000015258789,68.44999694824219,66.87999725341797,68.12000274658203,1501900,0.0,0.0,67.46226342297139,67.10231573485885,0.3599476881125412,0.17735527582575236,1501900,0
2024-10-04 00:00:00-04:00,66.9800033569336,66.98999786376953,65.26000213623047,66.25,1949000,0.0,0.0,67.27576135789886,67.03918123598042,0.23658012191843625,0.18920024504428914,0,1949000
2024-10-07 00:00:00-04:00,65.56999969482422,66.0,64.0,64.76000213623047,1843300,0.0,0.0,66.88872147764218,66.87035315451746,0.0183683231247187,0.15503386066037506,0,1843300
2024-10-08 00:00:00-04:00,64.33000183105469,65.44000244140625,63.84000015258789,64.62999725341797,1422100,0.0,0.0,66.54122544314615,66.70440086554713,-0.16317542240098248,0.09139200404810355,1422100,0
2024-10-09 00:00:00-04:00,65.70999908447266,65.70999908447266,64.4800033569336,64.6500015258789,1330900,0.0,0.0,66.25026791741273,66.55222313668281,-0.3019552192700843,0.012722559384465981,0,1330900
2024-10-10 00:00:00-04:00,63.380001068115234,64.45999908447266,62.90999984741211,63.56999969482422,1086700,0.0,0.0,65.83791896009143,66.33131769654514,-0.4933987364537131,-0.08850169978316985,1086700,0
2024-10-11 00:00:00-04:00,63.33000183105469,65.3499984741211,63.20000076293945,64.48999786376953,857400,0.0,0.0,65.63054648373422,66.19492363485806,-0.5643771511238356,-0.183676790051303,857400,0
2024-10-14 00:00:00-04:00,64.18000030517578,65.55000305175781,63.90999984741211,65.37999725341797,821400,0.0,0.0,65.59200044830095,66.13455871771434,-0.5425582694133908,-0.25545308592372057,821400,0
2024-10-15 00:00:00-04:00,64.63999938964844,66.11000061035156,63.95000076293945,65.26000213623047,1820600,0.0,0.0,65.54092378490549,66.06977674871554,-0.5288529638100528,-0.310133061500987,1820600,0
2024-10-16 00:00:00-04:00,66.05000305175781,66.5,64.63999938964844,64.72000122070312,832800,0.0,0.0,65.41462800579744,65.96979337627018,-0.5551653704727357,-0.35913952329533677,0,832800
2024-10-17 00:00:00-04:00,64.58999633789062,64.80999755859375,63.43000030517578,63.88999938964844,786000,0.0,0.0,65.18006975715913,65.81573456244635,-0.6356648052872202,-0.4144445796937135,0,786000
2024-10-18 00:00:00-04:00,64.62000274658203,64.79000091552734,63.84000015258789,64.62000274658203,763500,0.0,0.0,65.09390560168573,65.7271618353453,-0.6332562336595657,-0.458206910486884,0,763500
2024-10-21 00:00:00-04:00,64.77999877929688,64.77999877929688,62.41999816894531,62.97999954223633,1121900,0.0,0.0,64.76868928484737,65.52366833215204,-0.7549790473046727,-0.5175613378504418,0,1121900
2024-10-22 00:00:00-04:00,62.349998474121094,63.310001373291016,61.970001220703125,62.93000030517578,807500,0.0,0.0,64.48581405720559,65.33154477459824,-0.8457307173926552,-0.5831952137588845,807500,0
2024-10-23 00:00:00-04:00,62.63999938964844,63.869998931884766,62.38999938964844,62.86000061035156,1394600,0.0,0.0,64.23568891153573,65.14846742909849,-0.9127785175627565,-0.6491118745196589,1394600,0
2024-10-24 00:00:00-04:00,63.13999938964844,64.33999633789062,62.709999084472656,64.13999938964844,1414900,0.0,0.0,64.22096744663,65.07376609284293,-0.852798646212932,-0.6898492288583136,1414900,0
2024-10-25 00:00:00-04:00,64.4000015258789,65.69000244140625,63.959999084472656,64.31999969482422,1767300,0.0,0.0,64.23620317712142,65.01793154484155,-0.7817283677201203,-0.7082250566306749,0,1767300
2024-10-28 00:00:00-04:00,64.79000091552734,66.83999633789062,64.47000122070312,66.51000213623047,2441400,0.0,0.0,64.58601840159974,65.12845529235183,-0.5424368907520858,-0.6750674234549572,2441400,0
2024-10-29 00:00:00-04:00,70.0,71.02999877929688,65.56999969482422,70.62999725341797,5809600,0.0,0.0,65.51586130187947,65.53597691909746,-0.020115617217996373,-0.544077062207565,5809600,0
2024-10-30 00:00:00-04:00,70.0,71.66000366210938,69.62999725341797,70.55999755859375,2532300,0.0,0.0,66.2918822644509,65.90812659609719,0.38375566835371444,-0.35851051609530915,2532300,0
2024-10-31 00:00:00-04:00,70.02999877929688,71.55000305175781,69.93000030517578,70.8499984741211,1900600,0.0,0.0,66.99313091209247,66.27419117965451,0.7189397324379598,-0.14302046638865534,1900600,0
2024-11-01 00:00:00-04:00,71.68000030517578,72.58000183105469,70.73999786376953,70.76000213623047,1911800,0.0,0.0,67.57264956195985,66.60647347273421,0.966176089225641,0.07881884473420392,0,1911800
2024-11-04 00:00:00-05:00,71.0,72.44000244140625,70.4000015258789,70.54000091552734,1311500,0.0,0.0,68.02916515481638,66.89784587590407,1.131319278912315,0.28931893156982613,0,1311500
2024-11-05 00:00:00-05:00,70.05000305175781,72.55999755859375,69.62999725341797,72.26000213623047,1260600,0.0,0.0,68.68006315195701,67.29504263592824,1.3850205160287743,0.5084592484616157,1260600,0
2024-11-06 00:00:00-05:00,74.20999908447266,75.36000061035156,71.12999725341797,72.37999725341797,1917300,0.0,0.0,69.24928378295101,67.67170594092748,1.5775778420235298,0.7222829671739985,0,1917300
2024-11-07 00:00:00-05:00,72.58999633789062,72.83999633789062,71.0199966430664,71.87000274658203,908500,0.0,0.0,69.65247131581732,67.98269088949448,1.6697804263228448,0.9117824590037679,0,908500
2024-11-08 00:00:00-05:00,71.91000366210938,72.87000274658203,71.51000213623047,72.76000213623047,756300,0.0,0.0,70.13055298049628,68.33656579666011,1.7939871838361654,1.0882234039702474,756300,0
2024-11-11 00:00:00-05:00,73.37999725341797,75.06999969482422,73.2699966430664,74.43000030517578,1305900,0.0,0.0,70.79200641506235,68.78793131580942,2.0040750992529297,1.2713937430267839,1305900,0
2024-11-12 00:00:00-05:00,73.69000244140625,73.91000366210938,72.27999877929688,72.33000183105469,1084700,0.0,0.0,71.02862109444578,69.05030690953129,1.9783141849144954,1.4127778314043262,0,1084700
2024-11-13 00:00:00-05:00,73.22000122070312,74.4000015258789,72.4000015258789,72.63999938964844,954500,0.0,0.0,71.27652544755388,69.31621005620663,1.960315391347251,1.5222853433929113,0,954500
2024-11-14 00:00:00-05:00,72.69999694824219,73.05999755859375,70.56999969482422,70.77999877929688,1338200,0.0,0.0,71.2001367293605,69.42463885050961,1.775497878850885,1.5729278504845063,0,1338200
2024-11-15 00:00:00-05:00,70.86000061035156,70.86000061035156,68.19999694824219,68.2300033569336,1151000,0.0,0.0,70.74319313360252,69.33614733246694,1.407045801135581,1.5397514406147215,0,1151000
2024-11-18 00:00:00-05:00,67.94999694824219,68.20999908447266,67.5199966430664,67.69000244140625,909300,0.0,0.0,70.27347148864925,69.21421067386984,1.0592608147794067,1.4436533154476587,0,909300
2024-11-19 00:00:00-05:00,67.0,68.19999694824219,66.38999938964844,67.43000030517578,1122600,0.0,0.0,69.83601438349949,69.08204694285547,0.7539674406440184,1.3057161404869309,1122600,0
2024-11-20 00:00:00-05:00,67.76000213623047,68.94999694824219,67.56999969482422,68.87999725341797,978700,0.0,0.0,69.68893482502541,69.06708029919344,0.6218545258319779,1.1689438175559401,978700,0
2024-11-21 00:00:00-05:00,68.8499984741211,70.72000122070312,68.06999969482422,70.33999633789062,970000,0.0,0.0,69.78909813469699,69.16137037613396,0.6277277585630259,1.0607006057573574,970000,0
2024-11-22 00:00:00-05:00,71.08000183105469,72.2699966430664,70.94000244140625,72.25,894400,0.0,0.0,70.16769842166669,69.39015775567958,0.7775406659871038,1.0040686178033067,894400,0
2024-11-25 00:00:00-05:00,74.22000122070312,78.9000015258789,74.13999938964844,77.0999984741211,1516000,0.0,0.0,71.23420612204428,69.96125706815673,1.272949053887558,1.0578447050201571,1516000,0
2024-11-26 00:00:00-05:00,75.75,76.29000091552734,74.69999694824219,75.12999725341797,864600,0.0,0.0,71.83355860379409,70.3441267115094,1.489431892284685,1.1441621424730628,0,864600
2024-11-27 00:00:00-05:00,75.13999938964844,76.16999816894531,73.83999633789062,74.43000030517578,600600,0.0,0.0,72.23301117323743,70.64678401474394,1.586227158493486,1.2325751456771474,0,600600
2024-11-29 00:00:00-05:00,74.83999633789062,75.54000091552734,74.56999969482422,75.02999877929688,362600,0.0,0.0,72.66331695878503,70.97146658989601,1.6918503688890212,1.3244301903195224,362600,0
2024-12-02 00:00:00-05:00,74.6500015258789,75.79000091552734,74.16999816894531,75.5199966430664,969300,0.0,0.0,73.10280614098217,71.30839474198271,1.7944113989994577,1.4184264320555096,969300,0
2024-12-03 00:00:00-05:00,75.91000366210938,77.48999786376953,75.62000274658203,77.12000274658203,995000,0.0,0.0,73.72083638799754,71.73888422380487,1.9819521641926627,1.5311315784829402,995000,0
2024-12-04 00:00:00-05:00,76.58999633789062,76.9800033569336,74.6500015258789,76.12000274658203,1003500,0.0,0.0,74.08993890470285,72.06341152178837,2.0265273829144803,1.6302107393692484,0,1003500
2024-12-05 00:00:00-05:00,76.23999786376953,76.58999633789062,75.66000366210938,76.0199966430664,853600,0.0,0.0,74.38687086445108,72.35649190114229,2.0303789633087916,1.7102443841571573,0,853600
2024-12-06 00:00:00-05:00,76.9000015258789,78.06999969482422,76.61000061035156,77.62999725341797,1028600,0.0,0.0,74.8858133858306,72.74712192723679,2.1386914585938115,1.7959337990444881,1028600,0
2024-12-09 00:00:00-05:00,77.88999938964844,79.02999877929688,77.58999633789062,78.12999725341797,975000,0.0,0.0,75.38491859622866,73.14585343287985,2.239065163348812,1.884560071905353,975000,0
2024-12-10 00:00:00-05:00,77.52999877929688,78.0,75.61000061035156,77.05999755859375,3389600,0.0,0.0,75.64262305197714,73.43579003478459,2.206833017192551,1.9490146609627927,0,3389600
2024-12-11 00:00:00-05:00,77.66999816894531,80.73999786376953,76.91000366210938,79.87999725341797,2548500,0.0,0.0,76.29452677527573,73.91313871764633,2.381388057629394,2.035489340296113,2548500,0
2024-12-12 00:00:00-05:00,79.54000091552734,80.01000213623047,77.5999984741211,78.36000061035156,1988700,0.0,0.0,76.612291980672,74.24253589488376,2.3697560857882394,2.1023426893945385,0,1988700
2024-12-13 00:00:00-05:00,77.87000274658203,78.06999969482422,76.27999877929688,76.9800033569336,1728700,0.0,0.0,76.66886296163531,74.445311262443,2.2235516991923134,2.1265844913540937,0,1728700
2024-12-16 00:00:00-05:00,76.83999633789062,78.37999725341797,75.26000213623047,77.5999984741211,1264400,0.0,0.0,76.81211457894082,74.67899179664138,2.133122782299438,2.127892149543163,1264400,0
2024-12-17 00:00:00-05:00,77.1500015258789,77.87999725341797,76.37999725341797,76.80999755859375,921800,0.0,0.0,76.81178888350281,74.83684407530453,1.9749448081982877,2.097302681274188,0,921800
2024-12-18 00:00:00-05:00,77.2300033569336,77.2300033569336,71.47000122070312,71.66000366210938,1580300,0.0,0.0,76.01920654174998,74.601522563216,1.4176839785339865,1.961378940726148,0,1580300
2024-12-19 00:00:00-05:00,71.66000366210938,73.0,70.2300033569336,70.94000244140625,1659300,0.0,0.0,75.23779052631248,74.33029885048936,0.907491675823124,1.7506014877455434,0,1659300
2024-12-20 00:00:00-05:00,70.80000305175781,72.41000366210938,70.13999938964844,70.20999908447266,4275200,0.0,0.0,74.46428415064481,74.02509146041405,0.4391926902307688,1.4883197282425884,0,4275200
2024-12-23 00:00:00-05:00,69.62000274658203,71.06999969482422,69.4000015258789,70.97000122070312,1100500,0.0,0.0,73.92670216142302,73.79878847969471,0.12791368172831596,1.2162385189397338,1100500,0
2024-12-24 00:00:00-05:00,71.08000183105469,71.25,70.2300033569336,71.11000061035156,327000,0.0,0.0,73.49336346125818,73.5996190078915,-0.10625554663332082,0.9517397058251229,327000,0
2024-12-26 00:00:00-05:00,70.56999969482422,71.08000183105469,69.88999938964844,70.95999908447266,558400,0.0,0.0,73.10361509559887,73.40409160615678,-0.3004765105579139,0.7012964625485156,558400,0
2024-12-27 00:00:00-05:00,70.37999725341797,71.41000366210938,69.69999694824219,70.30000305175781,528900,0.0,0.0,72.67229016577717,73.17415912064575,-0.5018689548685842,0.46066337906509564,0,528900
2024-12-30 00:00:00-05:00,69.48999786376953,70.0999984741211,68.5199966430664,69.2300033569336,626000,0.0,0.0,72.14270757980124,72.88199943444485,-0.7392918546436107,0.2206723323233544,0,626000
2024-12-31 00:00:00-05:00,69.66999816894531,70.25,69.01000213623047,69.02999877929688,536800,0.0,0.0,71.66382930280056,72.59666605258204,-0.9328367497814725,-0.01002948409761098,0,536800
2025-01-02 00:00:00-05:00,69.7699966430664,70.70999908447266,68.05999755859375,68.25,654900,0.0,0.0,71.1386247946774,72.27469078942781,-1.1360659947504104,-0.23523678622817085,0,654900
2025-01-03 00:00:00-05:00,68.5,69.6500015258789,67.75,69.43000030517578,418600,0.0,0.0,70.87575948860022,72.0639729757795,-1.1882134871792829,-0.4258321264183933,418600,0
2025-01-06 00:00:00-05:00,70.19000244140625,71.38999938964844,70.1500015258789,70.31999969482422,654400,0.0,0.0,70.79025798186545,71.93478976978282,-1.1445317879173729,-0.5695720587181893,654400,0
2025-01-07 00:00:00-05:00,70.25,70.37000274658203,66.26000213623047,66.62999725341797,1142600,0.0,0.0,70.1502178697966,71.54184217597803,-1.391624306181427,-0.7339825082108369,0,1142600
2025-01-08 00:00:00-05:00,66.05999755859375,66.26000213623047,64.5,65.9000015258789,1464200,0.0,0.0,69.4963384322708,71.12392805374847,-1.627589621477668,-0.9127039308642031,0,1464200
2025-01-10 00:00:00-05:00,64.44000244140625,65.20999908447266,63.91999816894531,64.56999969482422,1320400,0.0,0.0,68.73844016497134,70.63845187901335,-1.9000117140420087,-1.1101654874997644,1320400,0
2025-01-13 00:00:00-05:00,63.86000061035156,66.26000213623047,63.529998779296875,65.22000122070312,1545200,0.0,0.0,68.19714186585315,70.23708516358296,-2.039943297729806,-1.296121049545773,1545200,0
2025-01-14 00:00:00-05:00,67.05999755859375,69.19000244140625,66.70999908447266,69.0199966430664,1495200,0.0,0.0,68.32373490850135,70.1469304583595,-1.8231955498581556,-1.4015359496082493,1495200,0
2025-01-15 00:00:00-05:00,71.95999908447266,72.08999633789062,70.7300033569336,71.25,1364400,0.0,0.0,68.77392953796269,70.22863931329583,-1.4547097753331428,-1.412170714753228,0,1364400
2025-01-16 00:00:00-05:00,71.19999694824219,71.47000122070312,70.01000213623047,71.26000213623047,767500,0.0,0.0,69.15640224538849,70.30503655943913,-1.1486343140506392,-1.3594634346127104,767500,0
2025-01-17 00:00:00-05:00,72.58000183105469,72.63999938964844,71.4000015258789,71.62999725341797,444300,0.0,0.0,69.53695532354688,70.40318179603015,-0.8662264724832767,-1.2608160421868237,0,444300
2025-01-21 00:00:00-05:00,72.87000274658203,73.62999725341797,72.19000244140625,72.83999633789062,913300,0.0,0.0,70.04511547959976,70.5836865769087,-0.5385710973089459,-1.1163670532112484,0,913300
2025-01-22 00:00:00-05:00,72.43000030517578,73.19000244140625,71.93000030517578,72.5,552500,0.0,0.0,70.4227900211998,70.72563571935991,-0.3028456981601124,-0.9536627822010213,552500,0
2025-01-23 00:00:00-05:00,73.30000305175781,74.83000183105469,72.43000030517578,74.44000244140625,1177000,0.0,0.0,71.04082270123156,71.00077399506705,0.04004870616451228,-0.7549204845279146,1177000,0
2025-01-24 00:00:00-05:00,74.5,74.70999908447266,73.47000122070312,73.72000122070312,779800,0.0,0.0,71.45300401191949,71.20219823400305,0.2508057779164403,-0.5537752320390437,0,779800
2025-01-27 00:00:00-05:00,73.7699966430664,75.55000305175781,73.18000030517578,74.29000091552734,845600,0.0,0.0,71.889465074013,71.43092435856042,0.45854071545258535,-0.3513120425407179,845600,0
2025-01-28 00:00:00-05:00,73.9800033569336,74.22000122070312,72.11000061035156,72.13999938964844,821100,0.0,0.0,71.92800881487999,71.4834484349373,0.44456037994268627,-0.19213755804403707,0,821100
2025-01-29 00:00:00-05:00,72.4800033569336,73.69999694824219,71.56999969482422,72.61000061035156,1129000,0.0,0.0,72.03293062956791,71.56689674422725,0.46603388534066426,-0.060503269367096824,1129000,0
2025-01-30 00:00:00-05:00,72.75,74.6500015258789,72.2699966430664,74.05999755859375,1441700,0.0,0.0,72.34478708018727,71.75157087862478,0.5932162015624982,0.07024062481882218,1441700,0
2025-01-31 00:00:00-05:00,73.91999816894531,74.68000030517578,72.72000122070312,72.83000183105469,934900,0.0,0.0,72.41943550339765,71.83145465287885,0.5879808505188038,0.1737886699588185,0,934900
2025-02-03 00:00:00-05:00,71.0,73.58000183105469,70.38999938964844,71.94999694824219,1401300,0.0,0.0,72.34721418721989,71.8402355636465,0.5069786235733886,0.24042666068173255,1401300,0
2025-02-04 00:00:00-05:00,71.12999725341797,72.5999984741211,70.83999633789062,71.41999816894531,1297793,0.0,0.0,72.2045655690238,71.8091068677427,0.3954587012811004,0.2714330688016061,1297793,0
