Price,Close,High,Low,Open,Volume,SMA,SMA_BB
Ticker,AAPL,AAPL,AAPL,AAPL,AAPL,,
Date,,,,,,,
2023-01-31,142.78842163085938,142.83790431967665,140.7993443803763,141.21497178644756,65874500,,
2023-02-01,143.91656494140625,145.0842930380827,139.84935044958516,142.47176699297287,77663600,,
2023-02-02,149.25051879882812,149.60675801028222,146.62808661450947,147.35048573773668,118339000,,
2023-02-03,152.8922119140625,155.7422463273732,146.29162438323533,146.48954008415967,154357300,,
2023-02-06,150.15101623535156,151.50676958668788,149.2109054384384,150.98228624419954,69858300,,
2023-02-07,153.04061889648438,153.61458490158566,149.07235465259149,149.07235465259149,83322600,,
2023-02-08,150.33905029296875,152.97137275977542,149.5968551305232,152.2786602948261,64120100,,
2023-02-09,149.2999725341797,152.7239728262669,148.8546584612201,152.17969335931676,56007100,,
2023-02-10,149.6667022705078,149.99376860779552,147.89263166612992,148.13050221771812,57450700,,
2023-02-13,152.4814453125,152.88778669579239,149.57750103615223,149.60723296363568,62199000,,
2023-02-14,151.8372039794922,152.402140794644,149.5180231156205,150.7668093216158,61707600,,
2023-02-15,153.94825744628906,154.11674338956908,151.52005454611242,151.74800433724963,65573800,,
2023-02-16,152.34268188476562,154.939370878608,151.98588365390484,152.1444488830226,68167900,,
2023-02-17,151.19297790527344,151.63897185671203,149.50810346480944,150.99476005163993,59144100,,
2023-02-21,147.15919494628906,149.95411695272674,147.08982549385345,148.8638959311259,58867200,,
2023-02-22,147.58535766601562,148.61609957273427,145.85092499148843,147.54570502168832,51011300,,
2023-02-23,148.07098388671875,149.00262439569616,145.93020998357426,148.75484830811928,48394200,,
2023-02-24,145.4049530029297,145.88067894533623,144.4237540688521,145.8013887677593,55469600,,
2023-02-27,146.6041717529297,147.84305234351663,146.13835144102467,146.39604828262136,44998500,,
2023-02-28,146.0987091064453,147.7538517062128,145.5238667165713,145.74191090318052,50547000,,149.20355072021485
2023-03-01,144.01736450195312,145.9202829575713,143.72003018509525,145.5238472837952,55479000,,149.26499786376954
2023-03-02,144.612060546875,145.40494716777042,142.61993083245534,143.09567187882521,52238100,,149.29977264404297
2023-03-03,149.68650817871094,149.7657983517578,146.01942463285462,146.72310034368257,70732300,,149.32157211303712
2023-03-06,152.46160888671875,154.9096382410585,152.09490505667793,152.42195623733048,87558000,,149.30004196166993
2023-03-07,150.25146484375,152.65984178567712,149.7856444674581,152.3327754497877,56182000,,149.30506439208983
2023-03-08,151.5101318359375,152.104800552819,150.47938986613707,151.4506679888601,47204800,,149.2285400390625
2023-03-09,149.25039672851562,153.16525578913198,148.89359856645896,152.19397778472012,53833600,,149.17410736083986
2023-03-10,147.1790008544922,149.59729796835543,146.2969185586702,148.87379600332346,68572400,,149.06805877685548
2023-03-13,149.13148498535156,151.77773200211703,146.38612147623616,146.49514356859967,84457100,,149.04129791259766
2023-03-14,151.23263549804688,152.03542774179175,148.7647949151356,149.93429099292322,73695900,,148.978857421875
2023-03-15,151.62905883789062,151.88674052270053,148.586361246658,149.8450679963741,77167900,,148.96845016479492
2023-03-16,154.46363830566406,155.06821263966182,150.29108181642482,150.80646037730506,76161100,,148.99421920776368
2023-03-17,153.62120056152344,155.34572787019124,152.90760409745778,154.69159525762194,98944600,,149.05814514160156
2023-03-20,155.99984741210938,156.41612462417007,152.77875768053804,153.69058715899433,73641400,,149.29848861694336
2023-03-21,157.86312866210938,157.98205636658307,155.14749679987165,155.92057224811566,73938300,,149.83368530273438
2023-03-22,156.426025390625,160.6976833752444,156.40619906612653,157.88295021864405,75701800,,150.27571868896484
2023-03-23,157.5162353515625,160.11293949819742,156.2773546917545,157.41713397261083,67622100,,150.74798126220702
2023-03-24,158.82447814941406,158.9136739147859,156.44583366784832,157.44684365525544,59196500,,151.41895751953126
2023-03-27,156.8720245361328,159.3398802717359,156.46566804738902,158.51726169320153,52390300,,151.9323501586914
2023-03-28,156.24761962890625,157.08015890910474,154.5924769153983,156.56478033051607,45992200,,152.43979568481444
2023-03-29,159.33987426757812,159.6173823169816,157.9325076961592,157.95231889750627,51305700,,153.2059211730957
2023-03-30,160.91571044921875,161.0247325377752,159.83541028637475,160.09309198521143,49501700,,154.0211036682129
2023-03-31,163.43312072753906,163.53223722356282,160.46972804690907,160.99501220511618,68749800,,154.70843429565429
2023-04-03,164.6918182373047,164.81074592730272,162.75916765957112,162.80872590475465,56976200,,155.3199447631836
2023-04-04,164.15663146972656,165.35585936030904,163.6412529320187,165.1180039760234,46278300,,156.01520309448242
2023-04-05,162.3032684326172,163.58180171406576,160.36071207007467,163.27456173694304,51511700,,156.55485992431642
2023-04-06,163.1952667236328,163.492601091182,160.55892518671305,160.98509285252538,45390100,,157.25210342407226
2023-04-10,160.5886688232422,160.5886688232422,158.6560179778013,159.98409444358578,47716900,,157.92258682250977
2023-04-11,159.36962890625,160.9157497227261,159.08220009215376,160.9058441206408,47644200,,158.4344940185547
2023-04-12,158.67584228515625,160.61839870707885,158.35868157452518,159.78587452625487,50133100,,158.80665435791016
2023-04-13,164.08724975585938,164.32512026733755,159.98407795194623,160.19221653987137,68445600,,159.4295639038086
2023-04-14,163.74037170410156,164.84049824090104,162.36273713306923,163.1258766656828,49386500,,159.89340057373047
2023-04-17,163.7601776123047,163.91875794761413,162.57085534359018,163.62142359967223,41516200,,160.40034942626954
2023-04-18,164.98916625976562,165.9208069034402,164.17645331594588,164.6224624365103,49923000,,160.84981536865234
2023-04-19,166.13885498046875,166.66413916449648,164.06743504696098,164.32513190006836,47720200,,161.26360168457032
2023-04-20,165.16757202148438,166.37672081756503,164.0872716600362,164.6125558769993,52456400,,161.70067901611327
2023-04-21,163.5520477294922,164.9693197226261,163.02676362208774,163.581779650813,58337300,,162.00246963500976
2023-04-24,163.85928344726562,164.12688585531714,162.43209076839383,163.53221719810315,41949600,,162.25420989990235
2023-04-25,162.31317138671875,164.83056990181737,162.27351874191552,163.72053781617427,48714100,,162.52626724243163
2023-04-26,162.3032684326172,163.80975151595447,161.3518165759181,161.6094983031377,45498800,,162.82904968261718
2023-04-27,166.91189575195312,167.0605553628374,163.7205383718447,163.7205383718447,64902300,,163.20765075683593
2023-04-28,168.17062377929688,168.33912487210148,166.3866475711114,166.99122199105844,55209200,,163.57039642333984
2023-05-01,168.0814208984375,168.93377143610374,167.1398745787384,167.77418090050938,52472900,,163.80281143188478
2023-05-02,167.04075622558594,168.8346681861752,166.04965166358446,168.57697132129934,48425700,,163.92025833129884
2023-05-03,165.96044921875,169.39958312064851,165.67303556145444,167.99221651388285,65136000,,164.01044921875
2023-05-04,164.31521606445312,165.55409674723404,162.848385570496,163.42322802207295,81235400,,164.1110466003418
2023-05-05,172.0260009765625,172.74950296676494,169.24098486047572,169.45902904213452,113316400,,164.55258331298828
2023-05-08,171.9566192626953,172.30351186374347,170.57898470464832,170.94568850577377,55962800,,165.12098083496093
2023-05-09,170.2420196533203,171.99626368287582,170.0735337075861,171.51063216959898,45326900,,165.66460037231445
2023-05-10,172.01608276367188,172.48190305646256,170.3708457773496,171.48089302464294,53724500,,166.33161239624025
2023-05-11,172.2043914794922,173.03691555552936,170.63844469472525,172.30350796985275,49514700,,166.7374694824219
2023-05-12,171.27145385742188,172.75023222471557,169.71326051226805,172.31354071030378,45497800,,167.1140235900879
2023-05-15,170.7752227783203,171.9066439525377,170.17973157337624,171.85701716146394,37266700,,167.46477584838868
2023-05-16,170.7752227783203,171.83716341624037,170.50725022169846,170.69582294139641,42110300,,167.75407867431642
2023-05-17,171.39056396484375,171.62874834746046,169.13764076744155,170.41794239989213,57951600,,168.01666412353515
2023-05-18,173.7327880859375,173.92136079838062,171.2813731121169,171.69821088195278,65496700,,168.4449249267578
2023-05-19,173.8419952392578,175.06273574474233,173.62364943906087,175.06273574474233,55772400,,168.95942230224608
2023-05-22,172.88919067382812,173.3953627585547,172.14483421414405,172.67084490080313,43570900,,169.41091766357422
2023-05-23,170.26907348632812,172.07538594402806,169.99118159190851,171.8272670994411,50747300,,169.8087127685547
2023-05-24,170.54698181152344,171.12261940369976,169.2369220607566,169.80262520604998,45143500,,170.2208984375
2023-05-25,171.6883087158203,172.59144973527793,170.39808778863198,171.11267122079872,56058300,,170.45971908569337
2023-05-26,174.1099395751953,174.44739269623702,171.80740468839622,172.01583117068753,54835000,,170.75668487548828
2023-05-30,175.96588134765625,177.64316710040904,175.24137858755796,175.62844336557998,55964400,,171.15090789794922
2023-05-31,175.91627502441406,178.0004795449162,175.42995659790392,175.99567487837328,99625300,,171.5946838378906
2023-06-01,178.73486328125,178.76463632708965,175.59863787172938,176.36284805087817,68901800,,172.23340454101563
2023-06-02,179.58839416503906,180.41215044305542,177.91110856290692,179.66779400262783,61945900,,172.99706344604493
2023-06-05,178.2287139892578,183.55830143833987,176.70029356551757,181.25576664565278,121946500,,173.30719909667968
2023-06-06,177.86151123046875,178.76465227479207,176.09489120388227,178.61578703231345,64848400,,173.60244369506836
2023-06-07,176.4819793701172,179.84647030311896,175.9857416800345,177.09730925974853,61944600,,173.9144416809082
2023-06-08,179.21127319335938,179.47923062220013,176.12467438732125,176.56135080082998,50214900,,174.2742012023926
2023-06-09,179.5983428955078,180.85877566456503,179.2708242183914,180.13427291189814,48870700,,174.64389877319337
2023-06-12,182.4070281982422,182.5062817855448,179.60825573516888,179.90600135310552,54274900,,175.20067749023437
2023-06-13,181.9306640625,182.76433976812353,181.06721530624512,181.42450705779416,54929100,,175.75844955444336
2023-06-14,182.5658416748047,183.00253326157815,180.6503714756975,181.9902041416917,57462900,,176.34798049926758
2023-06-15,184.61033630371094,185.1165084295681,182.39712049072034,182.57577393042644,65433200,,177.00896911621095
2023-06-16,183.52853393554688,185.58296511233405,182.88343103661734,185.32491183758503,101235600,,177.4987564086914
2023-06-20,183.61785888671875,184.69966852666565,183.0223827636369,183.0223827636369,49799100,,177.98754959106446
2023-06-21,182.57577514648438,184.014861399602,181.21607359601802,183.50868927037342,49515700,,178.47187881469728
2023-06-22,185.59288024902344,185.64250704259015,182.28793569790065,182.35741623768828,51245300,,179.23806915283203
2023-06-23,185.27529907226562,186.14868226406438,183.61786698344585,184.15381217622152,53079300,,179.97448501586913
2023-06-26,183.87591552734375,186.6349958367303,183.83620803203,185.42417467718977,48088700,,180.5838653564453
2023-06-27,186.64491271972656,186.9724314039452,184.2728972285419,184.491243018021,50730800,,181.2106140136719
2023-06-28,187.8259735107422,188.4710764771,186.18839512292732,186.5158986853118,51216800,,181.80361862182616
2023-06-29,188.16339111328125,188.63979016757608,187.51828821688443,187.6572341550609,46347300,,182.41597442626954
2023-06-30,192.5104217529297,193.01657866886924,189.82080721379157,190.18803334713144,85069600,,183.10475234985353
2023-07-03,191.01177978515625,192.42109272332505,190.31703504405706,192.3218391477482,31458200,,183.67592163085936
2023-07-05,189.89031982421875,191.5278981742576,189.18565562789144,190.1285193717039,46920300,,184.2590019226074
2023-07-06,190.36666870117188,190.57509515981653,187.77630778242533,188.41149131471715,45094300,,184.88425979614257
2023-07-07,189.2451934814453,191.2202248903426,188.80851704604538,189.9697113944817,46778000,,185.52242050170898
2023-07-10,187.19078063964844,188.56040149996468,185.63258703549474,187.83588357427638,59922200,,185.92139587402343
2023-07-11,186.6647491455078,187.87557017699805,185.19588999765614,187.7366242460387,46638100,,186.27471618652345
2023-07-12,188.34205627441406,190.2575264802813,187.05183525729512,188.25272198118796,60750200,,186.57146759033202
2023-07-13,189.1062469482422,189.75136501356704,188.35197113238655,189.06655459750118,41342300,,186.93024673461915
2023-07-14,189.255126953125,189.74143018258206,188.203105504946,188.79858162868422,41573900,,187.26471099853515
2023-07-17,192.5303192138672,192.8578379317135,190.36671484432983,190.45603400084056,50520200,,187.66071014404298
2023-07-18,192.27224731445312,192.8677385882339,190.97210701546965,191.89511697543264,48353800,,188.09789581298827
2023-07-19,193.63194274902344,196.7383802309494,191.20036607775168,191.6469920909872,80507300,,188.5986000061035
2023-07-20,191.67677307128906,194.99163717283173,191.05150874206208,193.6220163160383,59581200,,189.05364990234375
2023-07-21,190.49574279785156,193.50294223932778,189.7910785557487,192.63949343255948,71917800,,189.29879302978514
2023-07-24,191.29962158203125,193.44337194871,190.80338391255776,191.9546589402895,45377800,,189.60000915527343
2023-07-25,192.16305541992188,192.97689240402684,191.46832576518025,191.87524425723274,37283200,,190.01436614990234
2023-07-26,193.0364532470703,194.16787452666702,191.86533961729995,192.21269689922778,47471900,,190.33394317626954
2023-07-27,191.76608276367188,195.71613030152758,191.10112611577952,194.54501669167968,47460200,,190.53094863891602
2023-07-28,194.35646057128906,195.15044392487152,192.679174712139,193.20518546579316,48291400,,190.8406021118164
2023-07-31,194.97177124023438,195.01147873318087,193.79072320060368,194.58470647584855,38824100,,190.96366958618165
2023-08-01,194.13809204101562,195.24965951950642,193.81057337810935,194.76335631965225,35175100,,191.1199851989746
2023-08-02,191.1309051513672,193.71133198080406,190.40640238454526,193.57238603724957,50389300,,191.18201446533203
2023-08-03,189.73150634765625,190.92247371064892,189.2551224312535,190.1285055646349,61235200,,191.15025634765624
2023-08-04,180.62059020996094,185.9700316166551,180.55110966796553,184.12402690270278,115799700,,190.71902618408203
2023-08-07,177.5042266845703,181.75202007346337,176.01551362367866,180.7595446995356,97576100,,190.2346984863281
2023-08-08,178.4470672607422,178.91353187709316,176.2437708178845,178.33789436874574,67823000,,189.82381439208984
2023-08-09,176.84918212890625,179.568554851008,175.67805336031552,179.50900875402357,60378500,,189.24917068481446
2023-08-10,176.63084411621094,179.38992445369044,176.26363307266737,178.12947648415997,54686900,,188.6254005432129
2023-08-11,176.6904754638672,177.5153442624666,175.458153778981,176.2233960656567,51988100,,187.99716796875
2023-08-14,178.3501434326172,178.57871676071744,176.21343092354076,176.86935281922499,43675600,,187.2881591796875
2023-08-15,176.35256958007812,178.37001397078072,175.9550494184861,177.7737337283927,43622600,,186.49217529296874
2023-08-16,175.47801208496094,177.43581469068437,175.40843772025733,176.03454634490478,46964900,,185.58447875976563
2023-08-17,172.9239044189453,176.41219151441152,172.40711609073566,176.04448461625057,66062900,,184.64683532714844
2023-08-18,173.410888671875,174.0171167915457,170.8965364290824,171.23443009200113,61114200,,183.7925926208496
2023-08-21,174.7525177001953,175.0407326935708,172.66551420323125,173.98729066685254,46311900,,182.96523742675782
2023-08-22,176.13392639160156,176.58114035802282,175.15999139470742,175.96497956715007,42084200,,182.1637809753418
2023-08-23,179.99986267089844,180.42721123128223,177.22712403410847,177.41595140978353,52722800,,181.5119514465332
2023-08-24,175.2891845703125,179.97999499237613,174.92146251967202,179.55264643742132,54945800,,180.68810653686523
2023-08-25,177.50540161132812,178.04205535297126,174.73266281139772,176.28301269216934,51449600,,179.84555358886718
2023-08-28,179.07565307617188,179.47317328966272,177.44579593778087,178.97626544058713,43820700,,179.05074768066407
2023-08-29,182.9813232421875,183.75649819628302,178.389900027249,178.58866011417203,53003900,,178.49290924072267
2023-08-30,186.48948669433594,186.68826194099242,183.59749489432,183.79625497655422,60813900,,178.2608383178711
2023-08-31,186.7081298828125,187.95039936926207,186.3205424096171,186.6783166282915,60794500,,178.10966949462892
2023-09-01,188.28831481933594,188.74546151435723,187.11560449736683,188.3181280749059,45732600,,178.49305572509766
2023-09-05,188.52679443359375,188.80506155618394,186.44972370982364,187.11557826490886,45280000,,179.04418411254883
2023-09-06,181.77882385253906,187.68209122918128,180.3477268928169,187.2348620559506,81755800,,179.21077194213868
2023-09-07,176.4618682861328,177.10785742512675,172.4667259444429,174.09658267042076,112488800,,179.19140625
2023-09-08,177.0780487060547,179.12532149203676,176.6904612453168,177.24701069547294,65551300,,179.2137664794922
2023-09-11,178.25074768066406,179.18493667169957,176.24323613595504,178.9563633540274,58953100,,179.29178009033203
2023-09-12,175.20968627929688,179.0160016942275,173.73884349638047,178.37996034233754,90370200,,179.134757232666
2023-09-13,173.1326141357422,176.20350055461225,172.9040256402011,175.41837777577814,84267900,,178.97375946044923
2023-09-14,174.6531524658203,175.0109266750055,172.5065072107091,172.92390792735483,60895800,,178.9325164794922
2023-09-15,173.92764282226562,175.40843335624928,172.74501513151833,175.38855280048267,109205100,,178.9827033996582
2023-09-18,176.86935424804688,178.27063780985006,175.08048322919404,175.38856362269223,67257600,,179.1556266784668
2023-09-19,177.96255493164062,178.51908920430856,176.034550369597,176.42213782123514,51826900,,179.31612854003907
2023-09-20,174.4047088623047,178.58866413640885,174.31525393141538,178.15138283667608,58436200,,179.22966766357422
2023-09-21,172.85433959960938,175.20969287756472,172.78478039328195,173.47051558188582,63047900,,178.87239151000978
2023-09-22,173.70901489257812,175.98486101486026,172.97360108411723,173.58976187810813,56725400,,178.79338302612305
2023-09-25,174.9910430908203,175.87553831983675,173.07297120229282,173.12266501245767,46172700,,178.66766510009765
2023-09-26,170.8965301513672,174.11648285641874,170.5983824508641,173.7388432559087,64588900,,178.25870895385742
2023-09-27,169.3759765625,171.9698357492923,168.00452141810098,171.5524350388733,66921800,,177.57844161987305
2023-09-28,169.63436889648438,170.96607801740788,166.58334805459177,168.2927119154032,56294400,,176.73568572998047
2023-09-29,170.1511688232422,171.99966637275853,169.28653897360869,170.956157001118,51814200,,175.90783767700196
2023-10-02,172.67544555664062,173.22204712222216,169.87287852825236,170.16109351938684,52164500,,175.1271942138672
2023-10-03,171.33380126953125,172.55620536089927,169.76358598551198,171.1946676938173,49594600,,174.26754455566407
2023-10-04,172.58599853515625,173.13260007772962,169.9126324887325,170.03188549277738,53020300,,173.80790328979492
2023-10-05,173.8282928466797,174.36494660639528,171.61207310700374,172.71520904615178,48527900,,173.67622451782228
2023-10-06,176.39231872558594,176.88922647606876,172.10896117831024,172.72513710071527,57224100,,173.64193801879884
2023-10-09,177.88304138183594,177.94266788538698,174.7127675180559,175.71651571148107,42390800,,173.62355270385743
2023-10-10,177.28675842285156,178.60853494693302,176.84947714698436,176.99855858071479,43698000,,173.72740631103517
2023-10-11,178.6880340576172,178.7377278666485,176.50164294003199,177.09792315514355,47551100,,174.00517730712892
2023-10-12,179.59239196777344,181.21230079730788,177.9327068647785,178.95635070290385,56743100,,174.25213928222655
2023-10-13,177.74392700195312,180.80486572035005,177.03831125012886,180.29802522104373,51427100,,174.44295349121094
2023-10-16,177.61471557617188,177.97248977927228,175.41837654739012,175.65689773759766,52517000,,174.4802215576172
2023-10-17,176.05441284179688,177.31656279493396,173.71895547455762,175.55750508309643,57549400,,174.384814453125
2023-10-18,174.7525177001953,176.48176216718392,174.027036615376,174.4941311237392,54764400,,174.40220489501954
2023-10-19,174.3748779296875,176.74014855708347,174.10654349306773,174.9512775869872,59302900,,174.47823181152344
2023-10-20,171.8108367919922,174.3351216115833,171.57231560127875,174.2258012947257,64189300,,174.38332290649413
2023-10-23,171.9300994873047,172.93384778812512,168.87907830418513,169.85302851446286,55980100,,174.23027572631835
2023-10-24,172.3673858642578,172.59595921387623,170.38968729481687,171.97979837385134,43816600,,174.3038185119629
2023-10-25,170.04185485839844,171.98972493811345,169.59462570782657,170.81702981156988,57157000,,174.3371124267578
2023-10-26,165.85787963867188,170.32011700092076,164.64542343181446,169.31635357139493,70625300,,174.14828796386718
2023-10-27,167.17965698242188,167.91508596598229,165.79825394187426,165.8777610074826,58499100,,173.99971237182618
2023-10-30,169.23683166503906,170.11139414133623,167.82561550110003,167.97469692197112,51131000,,173.8277816772461
2023-10-31,169.71388244628906,169.8430681534906,166.86162156099337,168.30266621223763,44846000,,173.74678573608398
2023-11-01,172.89410400390625,173.15249060498644,169.0679078148722,169.94247040994804,56934900,,173.76219100952147
2023-11-02,176.47183227539062,176.68052504619254,174.37488088465793,174.43450739060134,77334800,,173.89436798095704
2023-11-03,175.55752563476562,175.7264876371941,172.27794617495533,173.16244148240884,79763700,,173.852628326416
2023-11-06,178.12156677246094,178.3203268607263,175.12025456148152,175.28920139472822,63841300,,173.86455459594725
2023-11-07,180.695556640625,181.31171744967662,177.8631761623555,178.07186894277902,70530000,,174.03499450683594
2023-11-08,181.7589111328125,182.31544537102516,180.46694798586415,181.22225745008475,49340300,,174.18853836059571
2023-11-09,181.2819061279297,182.98132230147056,180.6856107058037,181.82850773747478,53763500,,174.27301406860352
2023-11-10,185.49127197265625,185.66045656490678,182.63526841968368,183.07312579736603,66133400,,174.66038131713867
2023-11-13,183.89906311035156,185.12306234297503,183.31194313207843,184.91409464160964,43627500,,174.97459869384767
2023-11-14,186.52621459960938,187.1929464637487,185.3917728154259,186.78494160849297,60108400,,175.4981887817383
2023-11-15,187.09341430664062,188.5761557735661,186.86453984677962,186.93420587357204,53790500,,176.11523361206054
2023-11-16,188.78515625,190.02906240656043,187.73031107433965,188.6458393678413,54412900,,176.83574752807618
2023-11-17,188.76522827148438,189.45186682219116,187.65069333955432,189.3224957374494,50922700,,177.68346710205077
2023-11-20,190.51666259765625,190.97442674127328,188.95432437160065,188.9642701544006,46505100,,178.61279525756837
2023-11-21,189.71060180664062,190.586316538311,188.8149955106325,190.47685219685218,38134500,,179.4799560546875
2023-11-22,190.37733459472656,191.98943200940647,189.89967891341405,190.55646496546896,39617700,,180.4967300415039
2023-11-24,189.0438690185547,189.96932784078396,188.3273779116158,189.93947531002817,24048300,,181.65602951049806
2023-11-27,188.86473083496094,189.7404455259629,187.97907036225195,188.99410191914976,40552600,,182.740283203125
2023-11-28,189.4717559814453,190.1484487418159,188.4766311807352,188.85478346401288,38415400,,183.7520294189453
2023-11-29,188.44679260253906,191.15353347560767,188.04874872654685,189.96933244559008,43014200,,184.6886749267578
2023-11-30,189.02395629882812,189.39216280718497,187.27254208408095,188.91449196138143,48794400,,185.49516754150392
2023-12-01,190.30767822265625,190.6261102728152,188.3074675935333,189.40211098182942,45679300,,186.18695983886718
2023-12-04,188.50648498535156,189.12347269135768,186.53614211824694,189.05380666632493,43389500,,186.83440780639648
2023-12-05,192.47705078125,193.45226890347428,189.2528407319119,189.28270844769884,66628400,,187.55218200683595
2023-12-06,191.38241577148438,193.81050761672594,191.17343287476277,193.50202134703213,41089700,,188.0865249633789
2023-12-07,193.32290649414062,194.0493433741143,192.64621370853777,192.68602720531442,47477700,,188.66472473144532
2023-12-08,194.75588989257812,195.03452363413496,192.72582670763535,193.25324166018223,53377300,,189.33842391967772
2023-12-11,192.23822021484375,192.54672168765146,190.48680586341095,192.1685693679781,60943700,,189.6757713317871
2023-12-12,193.7607879638672,193.770733747099,190.78535886215118,192.13872941737026,52696900,,190.1688575744629
2023-12-13,196.9949188232422,197.03471713546693,193.90007998207173,194.13890022421998,70404200,,190.69229278564453
2023-12-14,197.14419555664062,198.64682869695653,195.2037050285768,197.0546379594379,66831600,,191.19483184814453
2023-12-15,196.60682678222656,197.4327670575499,196.0395983209077,196.5670132843794,128256700,,191.58591537475587
2023-12-18,194.9350128173828,195.67141069754175,193.4423254921639,195.13403475719855,55751900,,191.89440460205077
2023-12-19,195.97988891601562,195.98983469805682,194.9350047944863,195.20369275359957,40714100,,192.16756591796874
2023-12-20,193.88018798828125,196.71628487042167,193.88018798828125,195.94008865557052,52242800,,192.37604522705078
2023-12-21,193.73089599609375,196.11920471574882,192.55665597684,195.14398662703297,46482500,,192.54372329711913
2023-12-22,192.6561737060547,194.45734722393942,192.02924020237552,194.22845757962483,37122800,,192.72433853149414
2023-12-26,192.10887145996094,192.94477275989206,191.8899427598264,192.66613899324835,28919300,,192.88654556274415
2023-12-27,192.20835876464844,192.5566585360189,190.15840400250286,191.55158790358445,48087700,,193.02337570190429
2023-12-28,192.6362762451172,193.71101293849657,192.22827139973785,193.1935437488545,34049900,,193.23284988403321
2023-12-29,191.5913848876953,193.452263485871,190.7952819760843,192.9547010641641,42628800,,193.36122131347656
2024-01-02,184.73497009277344,187.52132261231023,182.9935016661129,186.2376030973938,82488700,,193.08258590698242
2024-01-03,183.35174560546875,184.973803899141,182.53573597559208,183.32189307602442,58414500,,192.8248489379883
2024-01-04,181.02316284179688,182.19740286158623,179.99818547387906,181.26198308479132,71983600,,192.2521545410156
2024-01-05,180.29672241210938,181.86902157901608,179.29165172771755,181.10278633743064,62303300,,191.69786987304687
2024-01-08,184.65536499023438,184.6951784875532,180.6151605231867,181.20228054123743,59144500,,191.26449279785157
2024-01-09,184.23741149902344,184.24735728099782,181.83915700040632,183.02335798455337,42841800,,190.73856887817382
2024-01-10,185.28231811523438,185.49128585287383,183.02338021192023,183.451291839185,46792900,,190.39077377319336
2024-01-11,184.68521118164062,186.13810009590225,182.7248140769861,185.63057672110963,49128400,,189.93699493408204
2024-01-12,185.01361083984375,185.8296205077815,184.2871739488164,185.1529277118819,40444700,,189.33792953491212
2024-01-16,182.7347869873047,183.36170533773222,180.04793765769844,181.2719521956393,65603000,,188.61745910644532
2024-01-17,181.78941345214844,182.03819468263436,179.42102646331548,180.3862988523529,47317400,,187.8765884399414
2024-01-18,187.7104034423828,188.21791164443712,184.9240508532924,185.18277784532793,78005800,,187.5153579711914
2024-01-19,190.62611389160156,191.01421197583775,187.89948151982946,188.4069897270921,68741000,,187.2476692199707
2024-01-22,192.9447479248047,194.37773007418247,191.3226896328841,191.36250312836654,60133900,,187.20089721679688
2024-01-23,194.22845458984375,194.79568302432682,192.8850451968675,194.06924615918857,42355600,,187.22577514648438
2024-01-24,193.55178833007812,195.42262795546443,193.3925647057047,194.46730139362447,53631300,,187.27055587768555
2024-01-25,193.223388671875,195.31315691300077,192.1685587692801,194.26827279243787,54822100,,187.32628173828124
2024-01-26,191.48191833496094,193.8105067973861,191.00426266727368,193.32290534776368,44594000,,187.2899597167969
2024-01-29,190.7952880859375,191.2629979920715,188.65577567784422,191.07392183626405,47145600,,187.1979103088379
2024-01-30,187.123291015625,190.86497058760852,186.55607768365206,190.00916251363375,55859400,,186.97450561523436
2024-01-31,183.5010223388672,186.18787167030365,183.45127824224116,186.12815142243116,55467800,,186.91280822753907
2024-02-01,185.94903564453125,186.03859323945602,182.9238626911125,183.09303209854838,64885400,,187.04267272949218
2024-02-02,184.94395446777344,186.41673495449575,178.3761245608121,178.9831513103476,102518000,,187.23871231079102
2024-02-05,186.76504516601562,188.32739864140837,184.93401888424728,187.23275511187194,69668800,,187.56212844848633
2024-02-06,188.37713623046875,188.38708201253658,185.8594715869018,185.94902917871246,43490800,,187.74821701049805
2024-02-07,188.48660278320312,190.118606941087,187.69049986083044,189.71060210551596,53439000,,187.96067657470704
2024-02-08,187.40191650390625,188.6159548348253,186.4366441977198,188.46669218310572,40962000,,188.06665649414063
2024-02-09,188.1691436767578,189.30503301755343,187.3222021069975,187.96985257532495,45155200,,188.2408531188965
2024-02-12,186.4752655029297,187.9897897322466,186.1165627960856,187.7406910525987,41781900,,188.31393585205078
2024-02-13,184.37286376953125,185.53865891732192,182.84838113476025,185.10024282819998,56529500,,188.3958396911621
2024-02-14,183.48606872558594,184.8610982078661,181.78224238811126,184.6518638454696,54630500,,188.48067245483398
2024-02-15,183.19712829589844,183.82486181575325,180.69618309757163,182.88824837462906,65434500,,188.25500869750977
2024-02-16,181.65269470214844,184.18354546694673,181.0150027746939,182.75869330174024,49701400,,187.80633773803712
2024-02-20,180.90541076660156,181.77226924950583,179.3510375405212,181.134577279735,53665600,,187.20437088012696
2024-02-21,181.66268920898438,182.23062628266825,180.00867035619171,181.28405435734408,41529700,,186.576082611084
2024-02-22,183.7052764892578,184.29316088677606,181.8021742653834,182.81848586019305,52292200,,186.08375701904296
2024-02-23,181.86195373535156,184.37285727847149,181.57299077597804,184.3429666556088,45119700,,185.51568527221679
2024-02-26,180.50686645507812,182.10108884357552,179.99869543060538,181.5829745492965,40867400,,184.96693267822266
2024-02-27,181.9715576171875,183.25690001064538,178.9126187804792,180.4470750372319,54318900,,184.52574615478517
2024-02-28,180.7659149169922,182.45978277503792,179.48057251285755,181.8519814326113,48953900,,184.2078773498535
2024-02-29,180.09832763671875,181.91177314365308,178.88272498353265,180.6164570963822,136682600,,184.0377426147461
2024-03-01,179.0122833251953,179.87914188711767,176.74050452556773,178.90267929522304,73488000,,183.6909049987793
2024-03-04,174.4687042236328,176.26220237846417,173.16341449891394,175.51490641269265,81510100,,183.16714248657226
2024-03-05,169.5066680908203,171.4197441647657,169.00847072144566,170.14436011546877,95132400,,182.3042236328125
2024-03-06,168.51025390625,170.6226208472031,168.0718378391885,170.44326190896186,68587700,,181.31087951660157
2024-03-07,168.3907012939453,170.1144598371159,167.8825454793763,168.5401544147667,71765100,,180.30608444213868
2024-03-08,170.11444091796875,173.07373401132705,168.33090132482457,168.3906825665046,76114600,,179.44171066284179
2024-03-11,172.12718200683594,173.75131021022753,171.42970876738985,172.31649942978052,60139500,,178.6396125793457
2024-03-12,172.60543823242188,173.40255698056936,170.39344092810595,172.52572483722957,59825400,,177.9461212158203
2024-03-13,170.51303100585938,172.56560166885345,170.14435462584885,172.14711771653415,52488700,,177.2531295776367
2024-03-14,172.37628173828125,173.68155635236576,171.4297098215142,172.286609864896,72913500,,176.6976402282715
2024-03-15,171.99765014648438,171.99765014648438,169.6760486454164,170.5528808562992,121664700,,176.13766632080078
2024-03-18,173.0936737060547,177.0692936926196,172.89439782384204,174.9370098250161,75604200,,175.7097152709961
2024-03-19,175.44517517089844,175.9732631292534,172.40616838919217,173.71144297319321,55215200,,175.43670349121095
2024-03-20,178.02584838867188,178.02584838867188,174.45875335459758,175.08648691311953,53423100,,175.2548614501953
2024-03-21,170.7521514892578,176.8500972709565,170.22406352502733,176.41168117904223,106181300,,174.60720520019532
2024-03-22,171.65887451171875,172.42610267352754,169.44687710249696,171.14074502028382,71106600,,174.09705123901367
2024-03-25,170.23403930664062,171.32010587263267,168.83907761478048,169.9550500090239,54288300,,173.5834098815918
2024-03-26,169.09815979003906,170.80198629920847,168.96862360727067,169.3871075780101,57388400,,172.9397399902344
2024-03-27,172.68515014648438,172.97411310204996,169.49669038501753,169.79561181348092,60273300,,172.53570175170898
2024-03-28,170.86175537109375,171.60905138066403,169.8952513157474,171.1307861915964,65672700,,172.07387313842773
2024-04-01,169.4169921875,170.6325949561908,168.86897205345468,170.5728137058907,46240500,,171.59410858154297
2024-04-02,168.23126220703125,168.7294595117456,167.62346088712874,168.4704023866532,49329500,,171.2822364807129
2024-04-03,169.03834533691406,170.0646306043195,167.97221097339488,168.1814453345995,47691700,,171.2588203430176
2024-04-04,168.21136474609375,171.30017927084614,168.21136474609375,169.67605100414067,53704400,,171.24387588500977
2024-04-05,168.96859741210938,169.77567460225572,168.3408639514289,168.97855588471026,42055200,,171.27277069091798
2024-04-08,167.84268188476562,168.58997789957206,167.6334475147346,168.42059262733576,37425500,,171.1591827392578
2024-04-09,169.0582733154297,169.46679875844995,167.74304032326918,168.09176931793073,42451200,,171.0057373046875
2024-04-10,167.1750946044922,168.48036917466098,166.50751200767976,168.19142141332685,49709300,,170.734220123291
2024-04-11,174.40892028808594,174.8274194382653,167.55373514215378,167.73307888899373,91070300,,170.92901458740235
2024-04-12,175.91348266601562,177.71695459263955,173.58192277868224,173.63173034934167,101593300,,171.10587463378906
2024-04-15,172.0673828125,175.9931798985106,171.8780654093003,174.7277545222084,73531800,,171.10936126708984
2024-04-16,168.7693328857422,173.13353117115574,167.6633342016507,171.1307833718662,73711200,,170.8931442260742
2024-04-17,167.39430236816406,170.0347421275801,167.39430236816406,168.99849837401,50901200,,170.4906005859375
2024-04-18,166.43775939941406,168.0319969568735,165.9495357403214,167.42419559851692,43122900,,169.91119613647462
2024-04-19,164.40512084960938,165.80006730864108,163.48843957599198,165.610765092168,67772100,,169.59384460449218
2024-04-22,165.24208068847656,166.65695922918923,164.17594634744867,164.9232423149658,48116400,,169.27300491333008
2024-04-23,166.29824829101562,166.44771659935518,164.32539129188558,164.75384886459605,49537800,,169.07621536254882
2024-04-24,168.41062927246094,168.68961856026672,165.61076271741103,165.93955957507254,48251800,,169.0418388366699
2024-04-25,169.27749633789062,169.9949017439694,167.54376407257087,168.91879363485126,50558300,,168.87145614624023
2024-04-26,168.6896209716797,170.72225941243215,168.57004327249933,169.26753170576032,44838400,,168.76284942626953
2024-04-29,172.8744659423828,175.39534310552878,172.47591417733986,172.74492977704497,68169400,,168.93572311401368
2024-04-30,169.71591186523438,174.3591148377481,169.38709978825105,172.7050959791447,65934800,,169.00995559692382
2024-05-01,168.6896209716797,172.08733045132695,168.50030355143892,168.96861026347364,50383100,,168.9925193786621
2024-05-02,172.40615844726562,172.79475173768014,170.27387458636483,171.8880289921212,94214900,,169.2022590637207
2024-05-03,182.71884155273438,186.32578503963057,182.0014362443012,185.9770408577792,163224100,,169.88977127075196
2024-05-06,181.0548858642578,183.5358989126904,179.76952819965473,181.6925778578994,78569700,,170.55038146972657
2024-05-07,181.74237060546875,184.23335712804246,180.66627780703902,182.78858798570474,77305800,,171.18458633422853
2024-05-08,182.08116149902344,182.40997355379537,180.79580390275353,182.19076551728074,45057100,,171.92988967895508
2024-05-09,183.90457153320312,183.9942434045937,181.4534339554284,181.90180851615733,48983000,,172.40467224121093
2024-05-10,182.63742065429688,184.67281593274453,181.71949609935797,184.4832417440643,50759500,,172.740869140625
2024-05-13,185.8601531982422,186.67831235597092,184.20389092118026,185.022050078909,72044800,,173.4305076599121
2024-05-14,187.00755310058594,187.87560260141976,185.87012310151908,187.0873746193062,52393600,,174.3424186706543
2024-05-15,189.2924041748047,190.2203008031565,186.9476945906926,187.48648604697289,70400000,,175.43732376098632
2024-05-16,189.41212463378906,190.66929452090585,189.23253763528552,190.04070957734746,52845200,,176.58604202270507
2024-05-17,189.4420623779297,190.3799462232965,188.75361507763282,189.082873144053,41282900,,177.8378890991211
2024-05-20,190.6094207763672,191.48744227389747,188.58399727816297,188.90328335886426,44361300,,179.10625610351562
2024-05-21,191.91647338867188,192.295606563888,190.48968851208156,190.65930352654095,42309400,,180.38716735839844
2024-05-22,190.46974182128906,192.3854279059742,189.84117207338795,191.83666445590288,34648500,,181.49012298583983
2024-05-23,186.45880126953125,190.5695104450197,186.20936473753514,190.54955125962866,51005900,,182.34918823242188
2024-05-24,189.5518035888672,190.15045735054443,187.61617368042806,188.3944296603675,36294600,,183.39229736328124
2024-05-28,189.56179809570312,192.5650085513949,188.67380462379438,191.07836129474845,52280100,,184.22666397094727
2024-05-29,189.86111450195312,191.81670371975596,189.0828736970108,189.18265440509,53068000,,185.2339241027832
2024-05-30,190.85885620117188,191.74684967437963,190.2003553062749,190.33005195445256,49947900,,186.3423858642578
2024-05-31,191.8166961669922,192.13598224075488,189.4819738440947,191.00852422632752,75158300,,187.31291275024415
2024-06-03,193.59266662597656,194.55050954143104,192.0860755575436,192.46520870740554,50080500,,187.85660400390626
2024-06-04,193.91195678710938,194.87977170290745,192.59492465346364,194.20129645164835,47471400,,188.49945755004882
2024-06-05,195.42852783203125,196.45620511862302,194.43078171111515,194.95958593724887,54156800,,189.18376541137695
2024-06-06,194.04165649414062,196.05710787096342,193.7323576402732,195.24893596907827,41181800,,189.78179016113282
2024-06-07,196.4462432861328,196.49613363963536,193.70244131187536,194.21128637904513,53103900,,190.40887374877929
2024-06-10,192.68472290039062,196.85530953542744,191.7169079607164,196.45620195884163,97262100,,190.91123886108397
2024-06-11,206.68310546875,206.6930926736998,193.1935887051364,193.21353266624035,172373300,,191.95238647460937
2024-06-12,212.58978271484375,219.7037025197263,206.43367547843766,206.902617394007,198134300,,193.23149795532225
2024-06-13,213.75714111328125,216.2614784743462,211.12309188063193,214.25601418934664,97862700,,194.4547348022461
2024-06-14,212.01107788085938,214.68503016669274,210.8237575657328,213.36801320894725,70122700,,195.5846824645996
2024-06-17,216.18165588378906,218.45651588142053,212.2405616472853,212.88909055319678,93728300,,196.9216621398926
2024-06-18,213.8070068359375,218.13723651623954,212.5199210550432,217.09957203800778,79943300,,198.0815414428711
2024-06-20,209.20741271972656,213.75714811087835,208.37929678381894,213.44783400509766,86172500,,198.94608840942382
2024-06-21,207.02235412597656,211.41243109582913,206.64320571720273,209.91581187096148,246421400,,199.7737190246582
2024-06-24,207.67086791992188,212.22058759649926,206.1243584552299,207.25181639438415,80727000,,200.83432235717774
2024-06-25,208.59878540039062,210.90357646615678,208.13981549353107,208.67859169129048,56713900,,201.78667144775392
2024-06-26,212.7693634033203,214.37573529051122,210.16524538059215,211.0233076661301,66213200,,202.94704971313476
2024-06-27,213.61746215820312,215.25376527623442,211.8714063519454,214.2061287476001,49772700,,204.13486709594727
2024-06-28,210.14527893066406,215.58300736088682,209.8260080950157,215.28368048569334,82542700,,205.09918823242188
2024-07-01,216.261474609375,217.01975619065925,211.4423589537816,211.61197396968475,60402900,,206.32142715454103
2024-07-02,219.77354431152344,219.88329699479613,214.61519864650157,215.66281990345283,58046200,,207.63047103881837
2024-07-03,221.0506591796875,221.0506591796875,218.53633465750286,219.50414962607874,37369800,,208.98740615844727
2024-07-05,225.82984924316406,225.93960192344272,221.15041758535088,221.15041758535088,60412400,,210.5074722290039
2024-07-08,227.30653381347656,227.33646497984205,222.74682662809306,226.57816816685514,59085900,,212.17071609497071
2024-07-09,228.16458129882812,228.8829597417087,225.85979013808537,227.41627168952732,48076100,,213.75663299560546
2024-07-10,232.4548797607422,232.55466045949046,228.73329110826765,228.78318145764177,62627700,,215.74514083862306
2024-07-11,227.05709838867188,231.86622690917008,225.26115227596378,230.86848076037649,64710600,,216.76384048461915
2024-07-12,230.0203857421875,232.11565870158282,228.1645773343909,228.40404188598967,53046500,,217.63537063598633
2024-07-15,233.87168884277344,236.69531224247876,232.5646438368613,235.94700263838575,62631300,,218.64109802246094
2024-07-16,234.29075622558594,235.73748508570134,231.80636285277686,234.4703432233226,43234300,,219.75508193969728
2024-07-17,228.3641357421875,230.93832254659503,226.12917896312734,228.9328431112231,57345900,,220.36420593261718
2024-07-18,223.67471313476562,229.92061345724463,221.7690296564846,229.76097042757166,66034600,,220.8575912475586
2024-07-19,223.80442810058594,226.28882140195597,222.77675082247163,224.31328836166992,49151500,,221.58744201660156
2024-07-22,223.45523071289062,227.26661302541467,222.58718122432802,226.4983442399413,48201800,,222.40908584594726
2024-07-23,224.5028533935547,226.42851135969482,222.1781030613285,223.86429647317826,39960300,,223.2506851196289
2024-07-24,218.04742431640625,224.29332459793014,216.64061389677994,223.4951246791964,61777600,,223.72311706542968
2024-07-25,216.99981689453125,220.35224458682225,214.13627507494223,218.4365585703147,51391200,,223.93463973999025
2024-07-26,217.46875,218.99530033853074,215.52313289555326,218.20707238174316,41601300,,224.12720413208007
2024-07-29,217.7481231689453,218.80573164190093,215.26372979848315,216.47100932714253,36311800,,224.50734634399413
2024-07-30,218.30685424804688,219.8334045947242,215.63288672795753,218.6959746261333,41643800,,224.60961532592773
2024-07-31,221.5794677734375,223.3155515626994,220.13273889458495,220.94091084366266,50036300,,224.69991149902344
2024-08-01,217.8678436279297,223.9740450176905,216.53086747941563,223.86429233538576,62501000,,224.54077072143554
2024-08-02,219.3644561767578,225.0915242198944,217.21930817086155,218.65604975341137,105568600,,224.21750106811524
2024-08-05,208.79833984375,213.0188017705649,195.55824424838744,198.64127617987643,119548600,,223.2920913696289
2024-08-06,206.76292419433594,209.51671322927783,200.6168196653937,204.83728149035767,69660500,,222.2220085144043
2024-08-07,209.34710693359375,213.15848935419993,205.9248296826355,206.43367474426563,63516400,,221.06661987304688
2024-08-08,212.8292236328125,213.71721707569145,208.35932525259923,212.6296774525561,47161100,,220.3552261352539
2024-08-09,215.7526397705078,216.29141600978787,211.4922593126285,211.62197118803232,42201600,,219.64183883666993
2024-08-12,217.2909393310547,219.26875909808805,215.36306766380915,215.83255236617862,38028100,,218.81280136108398
2024-08-13,221.02682495117188,221.646138683676,218.76929897291208,218.76929897291208,44155300,,218.14960479736328
2024-08-14,221.47633361816406,222.7848915052682,219.45854930599305,220.3276035510778,41960600,,217.80521469116212
2024-08-15,224.47303771972656,225.10235023777113,222.5151850202656,224.35317447515422,46414000,,217.84513092041016
2024-08-16,225.80157470703125,226.5807162697698,223.40420315535758,223.67391069385005,44340200,,217.94498825073242
2024-08-19,225.64175415039062,225.74165035068273,222.79488010428776,225.4719428035102,40687800,,218.05431442260743
2024-08-20,226.2610626220703,226.92034094772856,225.20222998863,225.52188562847152,30299000,,218.1422248840332
2024-08-21,226.15118408203125,227.7294495174454,224.80267685471037,226.2710625686077,34765500,,218.54741287231445
2024-08-22,224.2832489013672,228.08905941841815,223.65393636981634,227.53966079897057,43695300,,218.91158447265624
2024-08-23,226.5906982421875,227.96918649391685,224.0834622297127,225.41200238324527,38677300,,219.36768188476563
2024-08-26,226.93032836914062,227.03022456881217,223.64395069142014,226.5107917661563,30602200,,219.8267921447754
2024-08-27,227.77938842773438,228.5984945445466,224.64283997153836,225.75162066501636,35934600,,220.30041885375977
2024-08-28,226.2410888671875,229.6073802985885,225.4319662685897,227.6695099550691,38052200,,220.53349990844725
2024-08-29,229.53746032714844,232.66402541964027,228.62847197635801,229.8471324488683,51906300,,221.1169807434082
2024-08-30,228.7483367919922,230.14679214282077,227.23000295250677,229.93703146120657,52990800,,221.58617477416993
2024-09-03,222.52517700195312,228.74832587928796,220.92692932694945,228.29882348382426,50190600,,222.27251663208008
2024-09-04,220.6072998046875,221.53627045160738,217.24099295020864,221.4164072047842,43840200,,222.96473541259766
2024-09-05,222.13560485839844,225.23218875186365,221.2765494057299,221.38642912323468,36615400,,223.6041603088379
2024-09-06,220.57733154296875,224.99247224215048,219.5284824188554,223.7038813850335,48423000,,223.9915657043457
2024-09-09,220.66722106933594,221.0268260349447,216.47183996524672,220.57732363843863,67180000,,224.2372947692871
2024-09-10,219.86810302734375,221.23659254048482,216.49181271910507,218.67940838073807,51591000,,224.36615295410155
2024-09-11,222.41529846191406,222.84481857216005,217.65053646391294,221.21662032032157,44587100,,224.43557662963866
2024-09-12,222.52517700195312,223.30431855196207,219.57842214055833,222.25546946786713,37498200,,224.48801879882814
2024-09-13,222.25547790527344,223.7937787761964,221.66612995902517,223.33429284055268,36766600,,224.37714080810548
2024-09-16,216.082275390625,216.98128020943747,213.6849038037586,216.302019591785,59357400,,223.89117584228515
2024-09-17,216.55174255371094,216.6616222741377,214.26426595466958,215.51289221314667,45519300,,223.43667526245116
2024-09-18,220.4474639892578,222.46524827574677,217.30091669603667,217.31091546092293,59894900,,223.14599533081054
2024-09-19,228.61846923828125,229.56743739121873,224.38313871157,224.74274368478322,66781300,,223.26935958862305
2024-09-20,227.94920349121094,232.83382873595048,227.36983908638868,229.7172625160979,318679900,,223.45265731811523
2024-09-23,226.2211151123047,229.19783588273827,225.56183678133013,227.09015412184934,54146000,,223.4341781616211
2024-09-24,227.1201171875,229.09795215651428,225.48192014495527,228.39870925768025,43556100,,223.44366760253905
2024-09-25,226.1212158203125,227.04020291666632,223.77380760174057,224.6827959331431,42308700,,223.36075897216796
2024-09-26,227.26995849609375,228.24887720276465,225.16227678839184,227.05019905798116,36636700,,223.41220245361328
2024-09-27,227.53965759277344,229.26776733886913,227.05020584581527,228.20893469195548,34026000,,223.31231231689452
2024-09-30,232.7439422607422,232.7439422607422,229.39761768078608,229.78718847660608,54541900,,223.51209259033203
2024-10-01,225.96141052246094,229.3976172900359,223.49412373913023,229.2677705196639,63285000,,223.68390426635742
2024-10-02,226.53077697753906,227.12012493395358,222.77491454853467,225.64175566026316,32880600,,223.980078125
2024-10-03,225.42198181152344,226.56072831643584,223.0745736591087,224.8925655126969,34044200,,224.14439697265624
2024-10-04,226.55075073242188,227.74942888869526,223.88368688105714,227.6495326914976,37245100,,224.4430679321289
2024-10-07,221.4463653564453,225.44196936055414,221.08676038639473,224.25327473060864,39505400,,224.48202514648438
2024-10-08,225.52188110351562,225.73164177618557,223.0046463373399,224.05349542674807,31855700,,224.76471405029298
2024-10-09,229.28773498535156,229.49751090746852,224.58291968465133,224.9824739985636,33591100,,225.10833587646485
2024-10-10,228.7882843017578,229.24778548023318,226.9203442604764,227.5296744960524,28183500,,225.42149124145507
2024-10-11,227.2999267578125,229.15788323697032,227.09015084025384,229.04800351672907,31759200,,225.67371368408203
2024-10-14,231.04580688476562,231.47532700331138,228.34877720356226,228.44865815944695,39882100,,226.42189025878906
2024-10-15,233.59300231933594,237.22900130875718,232.11461788171079,233.3532605949055,64751400,,227.27395324707032
2024-10-16,231.5252685546875,231.86489123072647,229.5873982094942,231.34547369396782,34082200,,227.8278434753418
2024-10-17,231.89486694335938,233.59301088010824,230.26666863657624,233.17345903647427,32993800,,227.9916633605957
2024-10-18,234.74172973632812,235.9204255737285,233.75281228137578,235.9204255737285,46431500,,228.33128967285157
2024-10-21,236.22010803222656,236.5897117727769,234.19234018879644,234.19234018879644,36254500,,228.83123931884765
2024-10-22,235.60079956054688,235.96040454410334,232.3443876620224,233.6329632952546,38846600,,229.2552734375
2024-10-23,230.5063934326172,234.88158476901867,227.50969037853835,233.822752128634,52287000,,229.47453231811522
2024-10-24,230.31661987304688,230.56634513279107,228.15898997077215,229.7272566761152,31109500,,229.6268653869629
2024-10-25,231.1556854248047,232.96369380669327,229.3177112321018,229.4875225740561,38802300,,229.80766677856445
2024-10-28,233.14349365234375,234.472033847566,232.29443692443334,233.06359498314518,36087100,,229.82764434814453
2024-10-29,233.41319274902344,234.07247106119948,232.06468555632105,232.84382710997653,35417200,,230.20023345947266
2024-10-30,229.8471221923828,233.21341362628857,229.29772360355057,232.35435817157438,47070900,,230.36605072021484
2024-10-31,225.66172790527344,229.57741798472995,225.1223128313268,229.08795100904055,64370100,,230.37803802490234
2024-11-01,222.66502380371094,225.10234466312102,220.02792579428782,220.72715344034327,65276700,,230.1837516784668
2024-11-04,221.76600646972656,222.54514803369162,219.46854635353304,220.74713841963055,44944500,,230.19973373413086
2024-11-05,223.2044219970703,223.70387248945224,220.896963160989,221.5562414690178,28111300,,230.0838607788086
2024-11-06,222.47523498535156,225.82155947797517,220.94691765378838,222.36535526416637,54561100,,229.74323577880858
2024-11-07,227.22999572753906,227.629565273657,224.32320539488208,224.38313701629485,42137700,,229.66532135009766
2024-11-08,226.9600067138672,228.66000366210938,226.41000366210938,227.1699981689453,38328800,,229.6483253479004
2024-11-11,224.22999572753906,225.6999969482422,221.5,225.0,42005600,,229.30753479003906
2024-11-12,224.22999572753906,225.58999633789062,223.36000061035156,224.5500030517578,40398300,,228.83938446044922
2024-11-13,225.1199951171875,226.64999389648438,222.75999450683594,224.00999450683594,48566200,,228.5191207885742
2024-11-14,228.22000122070312,228.8699951171875,225.0,225.02000427246094,44923900,,228.33537750244142
2024-11-15,225.0,226.9199981689453,224.27000427246094,226.39999389648438,47923700,,227.848291015625
2024-11-18,228.02000427246094,229.74000549316406,225.1699981689453,225.25,44686000,,227.43828582763672
2024-11-19,228.27999877929688,230.16000366210938,226.66000366210938,226.97999572753906,36211800,,227.0722457885742
2024-11-20,229.0,229.92999267578125,225.88999938964844,228.05999755859375,35169600,,226.99692611694337
2024-11-21,228.52000427246094,230.16000366210938,225.7100067138672,228.8800048828125,42108300,,226.90709533691407
2024-11-22,229.8699951171875,230.72000122070312,228.05999755859375,228.05999755859375,38168300,,226.8428108215332
2024-11-25,232.8699951171875,233.25,229.74000549316406,231.4600067138672,90152800,,226.8291358947754
2024-11-26,235.05999755859375,235.57000732421875,233.3300018310547,233.3300018310547,45986200,,226.9114761352539
2024-11-27,234.92999267578125,235.69000244140625,233.80999755859375,234.47000122070312,33498400,,227.16561965942384
2024-11-29,237.3300018310547,237.80999755859375,233.97000122070312,234.80999755859375,28481400,,227.7490333557129
2024-12-02,239.58999633789062,240.7899932861328,237.16000366210938,237.27000427246094,48137100,,228.59528198242188
2024-12-03,242.64999389648438,242.75999450683594,238.89999389648438,239.80999755859375,38861000,,229.63948135375978
2024-12-04,243.00999450683594,244.11000061035156,241.25,242.8699951171875,44383900,,230.62975997924804
2024-12-05,243.0399932861328,244.5399932861328,242.1300048828125,243.99000549316406,40033900,,231.65799789428712
2024-12-06,242.83999633789062,244.6300048828125,242.0800018310547,242.91000366210938,36870600,,232.4384979248047
2024-12-09,246.75,247.24000549316406,241.75,241.8300018310547,44649200,,233.42799758911133
2024-12-10,247.77000427246094,248.2100067138672,245.33999633789062,246.88999938964844,36914800,,234.60499801635743
2024-12-11,246.49000549316406,250.8000030517578,246.25999450683594,247.9600067138672,45205800,,235.71799850463867
2024-12-12,247.9600067138672,248.74000549316406,245.67999267578125,246.88999938964844,32777500,,236.85999908447266
2024-12-13,248.1300048828125,249.2899932861328,246.24000549316406,247.82000732421875,33155300,,237.85549926757812
2024-12-16,251.0399932861328,251.3800048828125,247.64999389648438,247.99000549316406,51694800,,239.15749893188476
2024-12-17,253.47999572753906,253.8300018310547,249.77999877929688,250.0800018310547,51356400,,240.43049850463868
2024-12-18,248.0500030517578,254.27999877929688,247.74000549316406,252.16000366210938,56774100,,241.41899871826172
2024-12-19,249.7899932861328,252.0,247.08999633789062,247.5,60882300,,242.45849838256837
2024-12-20,254.49000549316406,255.0,245.69000244140625,248.0399932861328,147495300,,243.75699844360352
2024-12-23,255.27000427246094,255.64999389648438,253.4499969482422,254.77000427246094,40858800,,245.0269989013672
2024-12-24,258.20001220703125,258.2099914550781,255.2899932861328,255.49000549316406,23234700,,246.2934997558594
2024-12-26,259.0199890136719,260.1000061035156,257.6300048828125,258.19000244140625,27237100,,247.4914993286133
2024-12-27,255.58999633789062,258.70001220703125,253.05999755859375,257.8299865722656,42355300,,248.52449951171874
2024-12-30,252.1999969482422,253.5,250.75,252.22999572753906,35557500,,249.26799926757812
2024-12-31,250.4199981689453,253.27999877929688,249.42999267578125,252.44000244140625,39480700,,249.80949935913085
2025-01-02,243.85000610351562,249.10000610351562,241.82000732421875,248.92999267578125,55740700,,249.86949996948243
2025-01-03,243.36000061035156,244.17999267578125,241.88999938964844,243.36000061035156,40244100,,249.8870002746582
2025-01-06,245.0,247.3300018310547,243.1999969482422,244.30999755859375,45045600,,249.98500061035156
2025-01-07,242.2100067138672,245.5500030517578,241.35000610351562,242.97999572753906,40856000,,249.9535011291504
2025-01-08,242.6999969482422,243.7100067138672,240.0500030517578,241.9199981689453,37628900,,249.7510009765625
2025-01-10,236.85000610351562,240.16000366210938,233.0,240.00999450683594,61710900,,249.20500106811522
2025-01-13,234.39999389648438,234.6699981689453,229.72000122070312,233.52999877929688,49630700,,248.60050048828126
2025-01-14,233.27999877929688,236.1199951171875,232.47000122070312,234.75,39435300,,247.86650009155272
2025-01-15,237.8699951171875,238.9600067138672,234.42999267578125,234.63999938964844,39832000,,247.35349960327147
2025-01-16,228.25999450683594,238.00999450683594,228.02999877929688,237.35000610351562,71759100,,246.21449966430663
2025-01-17,229.97999572753906,232.2899932861328,228.47999572753906,232.1199951171875,68488300,,245.03949966430665
2025-01-21,222.63999938964844,224.4199981689453,219.3800048828125,224.0,98070400,,243.76899948120118
2025-01-22,223.8300018310547,224.1199951171875,219.7899932861328,219.7899932861328,64126500,,242.47099990844725
2025-01-23,223.66000366210938,227.02999877929688,222.3000030517578,224.74000549316406,60234800,,240.92949981689452
2025-01-24,222.77999877929688,225.6300048828125,221.41000366210938,224.77999877929688,54697900,,239.30499954223632
2025-01-27,229.86000061035156,232.14999389648438,223.97999572753906,224.02000427246094,94863400,,237.88799896240235
2025-01-28,238.25999450683594,240.19000244140625,230.80999755859375,230.85000610351562,75707600,,236.84999923706056
2025-01-29,239.36000061035156,239.86000061035156,234.00999450683594,234.1199951171875,45486100,,236.0384994506836
2025-01-30,237.58999633789062,240.7899932861328,237.2100067138672,238.6699981689453,54780900,,235.30799942016603
