Date,Open,High,Low,Close,Volume,Dividends,Stock Splits,SMA_200,SMA_60,SMA_20
2023-01-31 00:00:00-05:00,118.12999725341797,123.13999938964844,118.12999725341797,121.7699966430664,1401900,0.0,0.0,,,
2023-02-01 00:00:00-05:00,122.19999694824219,126.95999908447266,121.3499984741211,125.23999786376953,1624500,0.0,0.0,,,
2023-02-02 00:00:00-05:00,126.02999877929688,128.8000030517578,123.69999694824219,125.41999816894531,1168200,0.0,0.0,,,
2023-02-03 00:00:00-05:00,122.9000015258789,126.98999786376953,120.88999938964844,121.9800033569336,1945500,0.0,0.0,,,
2023-02-06 00:00:00-05:00,120.0,121.13999938964844,117.19999694824219,118.7300033569336,1446300,0.0,0.0,,,
2023-02-07 00:00:00-05:00,118.4800033569336,121.26000213623047,115.80999755859375,120.55999755859375,1459300,0.0,0.0,,,
2023-02-08 00:00:00-05:00,118.38999938964844,119.37999725341797,115.83999633789062,116.62000274658203,1608000,0.0,0.0,,,
2023-02-09 00:00:00-05:00,119.0199966430664,119.43000030517578,113.93000030517578,114.77999877929688,1304500,0.0,0.0,,,
2023-02-10 00:00:00-05:00,112.73999786376953,115.86000061035156,110.69000244140625,115.30000305175781,1592800,0.0,0.0,,,
2023-02-13 00:00:00-05:00,116.44000244140625,119.1500015258789,112.7300033569336,118.6500015258789,2069600,0.0,0.0,,,
2023-02-14 00:00:00-05:00,116.5199966430664,122.77999877929688,116.08999633789062,122.43000030517578,1893500,0.0,0.0,,,
2023-02-15 00:00:00-05:00,121.75,125.87000274658203,121.56999969482422,125.66999816894531,1851300,0.0,0.0,,,
2023-02-16 00:00:00-05:00,132.85000610351562,143.5,130.4600067138672,131.1999969482422,5664800,0.0,0.0,,,
2023-02-17 00:00:00-05:00,131.2899932861328,136.22000122070312,129.74000549316406,131.47000122070312,2440400,0.0,0.0,,,
2023-02-21 00:00:00-05:00,129.0,131.33999633789062,118.19000244140625,118.72000122070312,2611700,0.0,0.0,,,
2023-02-22 00:00:00-05:00,118.63999938964844,125.20999908447266,116.6500015258789,125.18000030517578,2057400,0.0,0.0,,,
2023-02-23 00:00:00-05:00,127.5,128.8000030517578,123.56999969482422,125.47000122070312,1280000,0.0,0.0,,,
2023-02-24 00:00:00-05:00,122.87000274658203,123.88999938964844,121.7300033569336,122.36000061035156,1061800,0.0,0.0,,,
2023-02-27 00:00:00-05:00,123.93000030517578,126.12999725341797,122.94000244140625,123.58000183105469,1130300,0.0,0.0,,,
2023-02-28 00:00:00-05:00,123.41999816894531,124.05000305175781,121.29000091552734,121.70999908447266,1225600,0.0,0.0,,,122.34200019836426
2023-03-01 00:00:00-05:00,123.08000183105469,125.76000213623047,121.0999984741211,124.44999694824219,1396200,0.0,0.0,,,122.47600021362305
2023-03-02 00:00:00-05:00,123.22000122070312,125.9800033569336,122.0,125.3499984741211,928100,0.0,0.0,,,122.48150024414062
2023-03-03 00:00:00-05:00,125.97000122070312,126.33000183105469,121.77999877929688,125.54000091552734,1548100,0.0,0.0,,,122.48750038146973
2023-03-06 00:00:00-05:00,126.01000213623047,129.55999755859375,124.41000366210938,125.05999755859375,1764600,0.0,0.0,,,122.64150009155273
2023-03-07 00:00:00-05:00,125.19000244140625,127.4000015258789,123.66000366210938,124.47000122070312,1530200,0.0,0.0,,,122.92849998474121
2023-03-08 00:00:00-05:00,124.75,125.04000091552734,122.75,123.80000305175781,782400,0.0,0.0,,,123.09050025939942
2023-03-09 00:00:00-05:00,123.86000061035156,125.05000305175781,118.55000305175781,119.62999725341797,1478200,0.0,0.0,,,123.24099998474121
2023-03-10 00:00:00-05:00,119.0999984741211,119.0999984741211,113.83000183105469,115.31999969482422,1792800,0.0,0.0,,,123.26800003051758
2023-03-13 00:00:00-04:00,112.1500015258789,115.08999633789062,109.47000122070312,111.30999755859375,2002700,0.0,0.0,,,123.06849975585938
2023-03-14 00:00:00-04:00,115.06999969482422,119.45999908447266,114.19000244140625,116.23999786376953,1517200,0.0,0.0,,,122.9479995727539
2023-03-15 00:00:00-04:00,112.4000015258789,117.87999725341797,109.76000213623047,117.43000030517578,2593700,0.0,0.0,,,122.6979995727539
2023-03-16 00:00:00-04:00,116.31999969482422,122.08000183105469,115.80000305175781,121.26000213623047,1687500,0.0,0.0,,,122.47749977111816
2023-03-17 00:00:00-04:00,120.5999984741211,120.6500015258789,117.87000274658203,119.91999816894531,1551600,0.0,0.0,,,121.91349983215332
2023-03-20 00:00:00-04:00,121.44999694824219,122.27999877929688,117.58999633789062,118.58999633789062,1076400,0.0,0.0,,,121.26949958801269
2023-03-21 00:00:00-04:00,121.55999755859375,126.19999694824219,121.2699966430664,122.0199966430664,1746600,0.0,0.0,,,121.43449935913085
2023-03-22 00:00:00-04:00,121.2699966430664,122.16999816894531,115.86000061035156,115.9000015258789,1164000,0.0,0.0,,,120.97049942016602
2023-03-23 00:00:00-04:00,117.5,124.11000061035156,117.01000213623047,120.87999725341797,1545400,0.0,0.0,,,120.74099922180176
2023-03-24 00:00:00-04:00,118.98999786376953,119.55000305175781,115.56999969482422,118.3499984741211,1004700,0.0,0.0,,,120.54049911499024
2023-03-27 00:00:00-04:00,119.83000183105469,119.83000183105469,115.23999786376953,117.33999633789062,1073100,0.0,0.0,,,120.22849884033204
2023-03-28 00:00:00-04:00,118.12000274658203,119.4000015258789,115.9800033569336,117.98999786376953,773000,0.0,0.0,,,120.04249877929688
2023-03-29 00:00:00-04:00,120.30999755859375,120.55000305175781,117.31999969482422,119.26000213623047,1043900,0.0,0.0,,,119.78299903869629
2023-03-30 00:00:00-04:00,121.54000091552734,125.36000061035156,121.31999969482422,125.05999755859375,2264200,0.0,0.0,,,119.76849899291992
2023-03-31 00:00:00-04:00,126.04000091552734,130.8000030517578,125.8499984741211,126.44000244140625,1736700,0.0,0.0,,,119.81349906921386
2023-04-03 00:00:00-04:00,125.62999725341797,128.77000427246094,125.25,128.6699981689453,1065400,0.0,0.0,,,119.99399909973144
2023-04-04 00:00:00-04:00,129.5800018310547,129.58999633789062,124.5999984741211,127.0199966430664,1180900,0.0,0.0,,,120.1214988708496
2023-04-05 00:00:00-04:00,125.22000122070312,125.91999816894531,121.04000091552734,123.58000183105469,1334600,0.0,0.0,,,120.11049880981446
2023-04-06 00:00:00-04:00,122.55000305175781,122.80000305175781,119.61000061035156,121.86000061035156,714000,0.0,0.0,,,120.22199897766113
2023-04-10 00:00:00-04:00,121.33999633789062,128.17999267578125,120.77999877929688,127.97000122070312,1226300,0.0,0.0,,,120.85449905395508
2023-04-11 00:00:00-04:00,128.16000366210938,129.13999938964844,125.05999755859375,128.07000732421875,1147500,0.0,0.0,,,121.69249954223633
2023-04-12 00:00:00-04:00,129.4600067138672,130.41000366210938,126.0,126.19000244140625,970800,0.0,0.0,,,122.18999977111817
2023-04-13 00:00:00-04:00,128.0,131.27999877929688,126.87999725341797,130.77999877929688,909000,0.0,0.0,,,122.85749969482421
2023-04-14 00:00:00-04:00,131.4499969482422,134.8000030517578,131.00999450683594,134.3000030517578,1256200,0.0,0.0,,,123.50949974060059
2023-04-17 00:00:00-04:00,135.5500030517578,140.16000366210938,135.35000610351562,139.0399932861328,1980600,0.0,0.0,,,124.46549949645996
2023-04-18 00:00:00-04:00,140.60000610351562,145.19000244140625,138.9199981689453,143.75,1923600,0.0,0.0,,,125.72349967956544
2023-04-19 00:00:00-04:00,142.69000244140625,146.22999572753906,142.00999450683594,144.3699951171875,1691000,0.0,0.0,,,126.84099960327148
2023-04-20 00:00:00-04:00,142.3300018310547,146.85000610351562,142.1199951171875,145.72999572753906,1189400,0.0,0.0,,,128.3324993133545
2023-04-21 00:00:00-04:00,145.8300018310547,148.17999267578125,144.07000732421875,147.17999267578125,1055800,0.0,0.0,,,129.64749908447266
2023-04-24 00:00:00-04:00,146.67999267578125,151.32000732421875,146.67999267578125,151.1300048828125,1947600,0.0,0.0,,,131.28649940490723
2023-04-25 00:00:00-04:00,149.05999755859375,150.55999755859375,144.72999572753906,145.3300018310547,1457300,0.0,0.0,,,132.68599967956544
2023-04-26 00:00:00-04:00,145.35000610351562,150.27999877929688,143.8300018310547,147.77999877929688,2089000,0.0,0.0,,125.51999956766764,134.1754997253418
2023-04-27 00:00:00-04:00,135.8000030517578,136.5,116.61000061035156,124.31999969482422,10529500,0.0,0.0,,125.56249961853027,134.4284996032715
2023-04-28 00:00:00-04:00,123.01000213623047,124.80000305175781,118.52999877929688,123.66999816894531,3114100,0.0,0.0,,125.53633295694986,134.35899963378907
2023-05-01 00:00:00-04:00,123.87999725341797,125.5,119.44000244140625,120.9800033569336,1744900,0.0,0.0,,125.46233304341634,134.08599967956542
2023-05-02 00:00:00-04:00,120.66999816894531,120.73999786376953,116.5,120.16000366210938,1668700,0.0,0.0,,125.43199971516927,133.66049995422364
2023-05-03 00:00:00-04:00,119.83999633789062,121.93000030517578,118.83000183105469,120.12999725341797,1526700,0.0,0.0,,125.45533294677735,133.3159999847412
2023-05-04 00:00:00-04:00,119.08000183105469,119.61000061035156,109.4000015258789,109.8499984741211,2266700,0.0,0.0,,125.27683296203614,132.62949981689454
2023-05-05 00:00:00-04:00,111.69999694824219,115.61000061035156,110.04000091552734,114.4800033569336,1534700,0.0,0.0,,125.241166305542,132.26049995422363
2023-05-08 00:00:00-04:00,115.11000061035156,117.08000183105469,113.52999877929688,116.75,1197900,0.0,0.0,,125.27399965922038,131.6994998931885
2023-05-09 00:00:00-04:00,115.02999877929688,117.06999969482422,113.36000061035156,116.91000366210938,1312300,0.0,0.0,,125.30083300272624,131.141499710083
2023-05-10 00:00:00-04:00,118.68000030517578,119.04000091552734,114.37000274658203,116.45999908447266,1151000,0.0,0.0,,125.26433296203614,130.65499954223634
2023-05-11 00:00:00-04:00,116.19999694824219,117.5999984741211,114.68000030517578,116.80000305175781,883100,0.0,0.0,,125.17049967447916,129.95599975585938
2023-05-12 00:00:00-04:00,117.30000305175781,118.61000061035156,113.9000015258789,115.4000015258789,752600,0.0,0.0,,124.9993330637614,129.01099967956543
2023-05-15 00:00:00-04:00,117.30000305175781,120.33999633789062,116.16999816894531,118.38999938964844,1093200,0.0,0.0,,124.7858331044515,127.9784999847412
2023-05-16 00:00:00-04:00,117.3499984741211,117.3499984741211,113.4000015258789,113.44999694824219,1420700,0.0,0.0,,124.48549969991048,126.46349983215332
2023-05-17 00:00:00-04:00,113.7300033569336,116.9000015258789,111.66999816894531,116.66999816894531,1235600,0.0,0.0,,124.45133298238119,125.07849998474121
2023-05-18 00:00:00-04:00,116.37999725341797,118.73999786376953,114.76000213623047,115.37000274658203,1064100,0.0,0.0,,124.28783302307129,123.56050033569336
2023-05-19 00:00:00-04:00,113.5,113.5,107.80000305175781,109.0,3238500,0.0,0.0,,124.01333300272624,121.6515007019043
2023-05-22 00:00:00-04:00,109.20999908447266,110.20999908447266,106.5,107.11000061035156,1900000,0.0,0.0,,123.75916633605956,119.45050048828125
2023-05-23 00:00:00-04:00,107.16999816894531,107.66000366210938,104.91000366210938,106.13999938964844,1551900,0.0,0.0,,123.4684996287028,117.49100036621094
2023-05-24 00:00:00-04:00,105.94999694824219,106.44000244140625,102.70999908447266,104.08999633789062,1413700,0.0,0.0,,123.17483291625976,115.30650024414062
2023-05-25 00:00:00-04:00,104.3499984741211,108.91999816894531,101.6500015258789,104.31999969482422,2955100,0.0,0.0,,122.83933296203614,114.30650024414062
2023-05-26 00:00:00-04:00,104.19999694824219,108.41000366210938,103.36000061035156,106.73999786376953,1416700,0.0,0.0,,122.52916628519694,113.46000022888184
2023-05-30 00:00:00-04:00,108.12000274658203,114.62999725341797,108.0,114.33000183105469,2157400,0.0,0.0,,122.3423329671224,113.12750015258788
2023-05-31 00:00:00-04:00,112.94000244140625,113.30000305175781,110.11000061035156,112.27999877929688,2070800,0.0,0.0,,122.12933298746745,112.73349990844727
2023-06-01 00:00:00-04:00,111.16000366210938,111.5999984741211,104.06999969482422,105.16000366210938,2094700,0.0,0.0,,121.80749969482422,111.98500022888183
2023-06-02 00:00:00-04:00,107.83000183105469,110.58000183105469,105.25,110.04000091552734,1848600,0.0,0.0,,121.57816632588704,111.99450035095215
2023-06-05 00:00:00-04:00,110.04000091552734,110.38999938964844,107.25,109.66000366210938,1046900,0.0,0.0,,121.4119997660319,111.75350036621094
2023-06-06 00:00:00-04:00,109.66000366210938,116.02999877929688,109.4800033569336,115.95999908447266,1795600,0.0,0.0,,121.42266642252604,111.71400032043456
2023-06-07 00:00:00-04:00,115.5999984741211,122.81999969482422,114.9000015258789,121.08999633789062,2568500,0.0,0.0,,121.58566640218099,111.92299995422363
2023-06-08 00:00:00-04:00,120.61000061035156,122.19999694824219,115.81999969482422,116.56999969482422,1193900,0.0,0.0,,121.59116643269857,111.92849998474121
2023-06-09 00:00:00-04:00,117.48999786376953,119.9800033569336,115.97000122070312,116.19000244140625,1033100,0.0,0.0,,121.57049980163575,111.89799995422364
2023-06-12 00:00:00-04:00,117.0,117.83999633789062,114.81999969482422,115.61000061035156,1200300,0.0,0.0,,121.47633310953776,111.90849990844727
2023-06-13 00:00:00-04:00,116.70999908447266,117.83000183105469,114.38999938964844,114.80000305175781,1480800,0.0,0.0,,121.39099985758463,111.72900009155273
2023-06-14 00:00:00-04:00,114.77999877929688,116.4800033569336,112.61000061035156,114.72000122070312,1505300,0.0,0.0,,121.32649993896484,111.79250030517578
2023-06-15 00:00:00-04:00,113.16999816894531,115.72000122070312,112.5,115.08999633789062,908900,0.0,0.0,,121.21099993387858,111.71350021362305
2023-06-16 00:00:00-04:00,116.38999938964844,116.61000061035156,109.56999969482422,109.94999694824219,2169900,0.0,0.0,,121.11183319091796,111.44249992370605
2023-06-20 00:00:00-04:00,109.19000244140625,109.37999725341797,104.13999938964844,105.94999694824219,2634200,0.0,0.0,,120.86299985249838,111.28999977111816
2023-06-21 00:00:00-04:00,105.94999694824219,110.2300033569336,105.48999786376953,108.58000183105469,1882400,0.0,0.0,,120.70016657511393,111.36349983215332
2023-06-22 00:00:00-04:00,108.22000122070312,109.43000030517578,106.55999755859375,107.05999755859375,1223500,0.0,0.0,,120.52883326212564,111.40949974060058
2023-06-23 00:00:00-04:00,105.44999694824219,107.79000091552734,104.5999984741211,106.01000213623047,8150000,0.0,0.0,,120.32916666666667,111.50550003051758
2023-06-26 00:00:00-04:00,106.69000244140625,110.3499984741211,104.70999908447266,104.79000091552734,1483900,0.0,0.0,,120.08799997965495,111.52900009155273
2023-06-27 00:00:00-04:00,106.01000213623047,109.19999694824219,106.01000213623047,107.08000183105469,1418900,0.0,0.0,,119.78833338419597,111.54600028991699
2023-06-28 00:00:00-04:00,107.04000091552734,107.58999633789062,105.08000183105469,107.12999725341797,1601200,0.0,0.0,,119.46649996439616,111.18600006103516
2023-06-29 00:00:00-04:00,108.20999908447266,110.66999816894531,107.48999786376953,108.20999908447266,1112700,0.0,0.0,,119.12549997965495,110.98250007629395
2023-06-30 00:00:00-04:00,109.0,113.02999877929688,107.7300033569336,112.44000244140625,1431700,0.0,0.0,,118.88250007629395,111.34650001525878
2023-07-03 00:00:00-04:00,113.23999786376953,117.33999633789062,113.23999786376953,117.05999755859375,1219100,0.0,0.0,,118.77383333841959,111.6974998474121
2023-07-05 00:00:00-04:00,116.19999694824219,116.37000274658203,114.13999938964844,114.26000213623047,1269700,0.0,0.0,,118.64716669718425,111.92749977111816
2023-07-06 00:00:00-04:00,112.12999725341797,113.0999984741211,109.11000061035156,111.43000030517578,1851900,0.0,0.0,,118.37150001525879,111.70099983215331
2023-07-07 00:00:00-04:00,111.43000030517578,113.58999633789062,110.97000122070312,112.43000030517578,1559600,0.0,0.0,,118.11083323160807,111.26800003051758
2023-07-10 00:00:00-04:00,112.76000213623047,117.73999786376953,112.44999694824219,117.37000274658203,1591300,0.0,0.0,,117.96383323669434,111.30800018310546
2023-07-11 00:00:00-04:00,118.0,121.41999816894531,117.16999816894531,120.44000244140625,1584700,0.0,0.0,,117.79149996439615,111.52050018310547
2023-07-12 00:00:00-04:00,122.97000122070312,126.68000030517578,122.1500015258789,126.41999816894531,1834000,0.0,0.0,,117.66016654968261,112.06100006103516
2023-07-13 00:00:00-04:00,127.7300033569336,129.88999938964844,123.76000213623047,125.98999786376953,1786100,0.0,0.0,,117.44266662597656,112.62049980163575
2023-07-14 00:00:00-04:00,125.98999786376953,126.77999877929688,123.5199966430664,124.04000091552734,1370000,0.0,0.0,,117.11416664123536,113.08649978637695
2023-07-17 00:00:00-04:00,124.06999969482422,127.48999786376953,122.3499984741211,127.0999984741211,1183900,0.0,0.0,,116.8263333638509,113.68699989318847
2023-07-18 00:00:00-04:00,126.83000183105469,128.85000610351562,125.1500015258789,127.33999633789062,1285800,0.0,0.0,,116.51983337402343,114.5564998626709
2023-07-19 00:00:00-04:00,128.4499969482422,130.36000061035156,127.22000122070312,129.88999938964844,1115700,0.0,0.0,,116.23166681925456,115.75349998474121
2023-07-20 00:00:00-04:00,129.67999267578125,129.67999267578125,121.7699966430664,121.83999633789062,1702800,0.0,0.0,,115.74350001017253,116.416499710083
2023-07-21 00:00:00-04:00,124.05000305175781,125.62999725341797,122.62000274658203,122.80999755859375,1105100,0.0,0.0,,115.36816660563152,117.20399971008301
2023-07-24 00:00:00-04:00,123.81999969482422,126.41999816894531,122.13999938964844,122.66000366210938,1571300,0.0,0.0,,114.94950002034506,118.03649978637695
2023-07-25 00:00:00-04:00,122.58000183105469,124.69000244140625,121.69000244140625,121.87000274658203,1479800,0.0,0.0,,114.90866673787436,118.89049987792968
2023-07-26 00:00:00-04:00,121.0,122.55000305175781,118.38999938964844,119.80000305175781,2410900,0.0,0.0,,114.84416681925455,119.52649993896485
2023-07-27 00:00:00-04:00,110.37999725341797,111.13999938964844,101.01000213623047,102.30000305175781,10487000,0.0,0.0,,114.53283348083497,119.28500022888184
2023-07-28 00:00:00-04:00,105.16000366210938,108.76000213623047,103.70999908447266,108.13999938964844,4591000,0.0,0.0,,114.33250007629394,119.28150024414063
2023-07-31 00:00:00-04:00,108.48999786376953,108.69000244140625,105.91000366210938,108.3499984741211,3093500,0.0,0.0,,114.13616676330567,119.07700004577637
2023-08-01 00:00:00-04:00,107.08999633789062,108.0,105.80000305175781,107.0,1674700,0.0,0.0,,114.08866678873697,118.57400016784668
2023-08-02 00:00:00-04:00,105.83000183105469,106.37000274658203,102.83000183105469,104.30000305175781,2135800,0.0,0.0,,113.91900011698405,118.07600021362305
2023-08-03 00:00:00-04:00,104.79000091552734,105.76000213623047,103.36000061035156,103.7699966430664,1788400,0.0,0.0,,113.70266672770182,117.69300003051758
2023-08-04 00:00:00-04:00,105.12999725341797,108.25,104.47000122070312,105.91000366210938,2301600,0.0,0.0,,113.51933339436849,117.36700019836425
2023-08-07 00:00:00-04:00,106.16000366210938,106.79000091552734,103.30000305175781,104.4800033569336,1384600,0.0,0.0,,113.31966679890951,116.72250022888184
2023-08-08 00:00:00-04:00,102.38999938964844,104.23999786376953,101.20999908447266,104.05999755859375,1646900,0.0,0.0,,113.10733337402344,115.90349998474122
2023-08-09 00:00:00-04:00,103.19999694824219,104.37999725341797,101.7300033569336,102.94999694824219,1061000,0.0,0.0,,112.89983329772949,114.72999992370606
2023-08-10 00:00:00-04:00,103.37999725341797,106.19000244140625,102.11000061035156,103.0,1379800,0.0,0.0,,112.64333330790201,113.58050003051758
2023-08-11 00:00:00-04:00,102.0999984741211,102.55999755859375,99.95999908447266,100.58999633789062,1511100,0.0,0.0,,112.42899996439616,112.40799980163574
2023-08-14 00:00:00-04:00,101.9800033569336,102.0199966430664,98.2699966430664,99.22000122070312,1912400,0.0,0.0,,112.13816668192545,111.01399993896484
2023-08-15 00:00:00-04:00,98.25,99.2300033569336,97.08000183105469,97.80000305175781,1967400,0.0,0.0,,111.84533335367838,109.5370002746582
2023-08-16 00:00:00-04:00,97.79000091552734,98.44999694824219,93.87000274658203,94.01000213623047,2570800,0.0,0.0,,111.59550005594889,107.74300041198731
2023-08-17 00:00:00-04:00,94.1500015258789,95.30999755859375,92.37999725341797,92.47000122070312,2417900,0.0,0.0,,111.35150006612142,106.27450065612793
2023-08-18 00:00:00-04:00,91.25,95.0,91.13999938964844,94.80000305175781,1819900,0.0,0.0,,111.16250012715658,104.87400093078614
2023-08-21 00:00:00-04:00,95.88999938964844,98.69999694824219,95.62999725341797,98.08000183105469,1850100,0.0,0.0,,111.06233355204265,103.6450008392334
2023-08-22 00:00:00-04:00,96.6500015258789,98.94999694824219,96.51000213623047,98.51000213623047,1642500,0.0,0.0,,110.96550025939942,102.47700080871581
2023-08-23 00:00:00-04:00,95.36000061035156,100.4000015258789,94.81999969482422,99.20999908447266,1755500,0.0,0.0,,110.84000027974447,101.44750061035157
2023-08-24 00:00:00-04:00,99.16000366210938,99.55999755859375,94.80999755859375,95.0999984741211,1485200,0.0,0.0,,110.51950022379557,101.08750038146972
2023-08-25 00:00:00-04:00,95.77999877929688,96.76000213623047,93.94000244140625,95.55999755859375,974400,0.0,0.0,,110.24083353678385,100.458500289917
2023-08-28 00:00:00-04:00,96.23999786376953,97.3499984741211,95.97000122070312,96.83999633789062,1178900,0.0,0.0,,110.10216674804687,99.88300018310547
2023-08-29 00:00:00-04:00,96.4000015258789,97.69000244140625,95.61000061035156,97.3499984741211,961400,0.0,0.0,,109.89066670735677,99.40050010681152
2023-08-30 00:00:00-04:00,97.66999816894531,98.30999755859375,95.63999938964844,96.83999633789062,917500,0.0,0.0,,109.67699991861979,99.02749977111816
2023-08-31 00:00:00-04:00,96.83999633789062,98.79000091552734,96.83999633789062,97.33999633789062,853300,0.0,0.0,,109.36666653951009,98.70599975585938
2023-09-01 00:00:00-04:00,98.69000244140625,100.41999816894531,98.4800033569336,99.86000061035156,1010000,0.0,0.0,,109.01283327738444,98.40349960327148
2023-09-05 00:00:00-04:00,99.70999908447266,100.0,96.95999908447266,98.38999938964844,1079200,0.0,0.0,,108.70983327229818,98.09899940490723
2023-09-06 00:00:00-04:00,98.0,98.91999816894531,96.30999755859375,96.36000061035156,1185200,0.0,0.0,,108.3793332417806,97.71399955749511
2023-09-07 00:00:00-04:00,93.4800033569336,97.1500015258789,92.29000091552734,96.27999877929688,1822100,0.0,0.0,,108.05716654459636,97.38049964904785
2023-09-08 00:00:00-04:00,96.27999877929688,96.47000122070312,93.26000213623047,93.37000274658203,1034700,0.0,0.0,,107.69999987284342,96.89899978637695
2023-09-11 00:00:00-04:00,94.29000091552734,95.41000366210938,92.36000061035156,92.75,978100,0.0,0.0,,107.33383318583171,96.50699996948242
2023-09-12 00:00:00-04:00,92.2699966430664,93.4800033569336,91.75,91.86000061035156,844600,0.0,0.0,,106.94666659037271,96.13899993896484
2023-09-13 00:00:00-04:00,91.69999694824219,91.91000366210938,87.12000274658203,89.51000213623047,2033800,0.0,0.0,,106.60600001017252,95.72449989318848
2023-09-14 00:00:00-04:00,90.66000366210938,90.7699966430664,88.23999786376953,90.72000122070312,1153400,0.0,0.0,,106.35216674804687,95.55999984741212
2023-09-15 00:00:00-04:00,90.11000061035156,90.66000366210938,87.2699966430664,87.98999786376953,3329400,0.0,0.0,,106.00900001525879,95.33599967956543
2023-09-18 00:00:00-04:00,87.76000213623047,88.9800033569336,86.62999725341797,87.62000274658203,1505900,0.0,0.0,,105.68500010172527,94.97699966430665
2023-09-19 00:00:00-04:00,88.04000091552734,90.36000061035156,88.0,89.68000030517578,1632000,0.0,0.0,,105.41283340454102,94.5569995880127
2023-09-20 00:00:00-04:00,90.06999969482422,90.69999694824219,87.88999938964844,87.94000244140625,910600,0.0,0.0,,105.132000096639,94.02849960327148
2023-09-21 00:00:00-04:00,86.7699966430664,87.5,86.0,86.08000183105469,1073700,0.0,0.0,,104.782000096639,93.37199974060059
2023-09-22 00:00:00-04:00,87.23999786376953,87.52999877929688,85.44999694824219,86.44999694824219,784100,0.0,0.0,,104.43733342488606,92.93949966430664
2023-09-25 00:00:00-04:00,85.52999877929688,86.79000091552734,85.01000213623047,86.30999755859375,880400,0.0,0.0,,104.07233339945475,92.47699966430665
2023-09-26 00:00:00-04:00,85.51000213623047,86.4000015258789,83.79000091552734,83.86000061035156,1115900,0.0,0.0,,103.59600003560384,91.82799987792968
2023-09-27 00:00:00-04:00,84.4000015258789,85.87000274658203,83.38999938964844,84.55999755859375,1074500,0.0,0.0,,103.05433336893718,91.18849983215333
2023-09-28 00:00:00-04:00,84.72000122070312,85.91000366210938,83.73999786376953,85.87000274658203,1270500,0.0,0.0,,102.58116671244304,90.64000015258789
2023-09-29 00:00:00-04:00,89.81999969482422,90.62999725341797,87.48999786376953,88.2300033569336,1800500,0.0,0.0,,102.194500096639,90.18450050354004
2023-10-02 00:00:00-04:00,88.2300033569336,89.9800033569336,87.80000305175781,87.87999725341797,1461900,0.0,0.0,,101.7853333791097,89.58550033569335
2023-10-03 00:00:00-04:00,86.94000244140625,87.41999816894531,84.5,85.94000244140625,1339300,0.0,0.0,,101.26150004069011,88.96300048828125
2023-10-04 00:00:00-04:00,85.1500015258789,86.19000244140625,83.63999938964844,85.48999786376953,1437200,0.0,0.0,,100.67899996439616,88.41950035095215
2023-10-05 00:00:00-04:00,85.7300033569336,86.56999969482422,83.91999816894531,84.2699966430664,993100,0.0,0.0,,99.97649993896485,87.81900024414062
2023-10-06 00:00:00-04:00,83.33000183105469,85.69999694824219,82.75,84.81999969482422,926400,0.0,0.0,,99.29033330281575,87.39150009155273
2023-10-09 00:00:00-04:00,83.69000244140625,85.62000274658203,82.58999633789062,85.19999694824219,946300,0.0,0.0,,98.642999903361,87.01399993896484
2023-10-10 00:00:00-04:00,85.66000366210938,88.05999755859375,85.48999786376953,86.94000244140625,1042600,0.0,0.0,,97.97366663614909,86.76800003051758
2023-10-11 00:00:00-04:00,86.80000305175781,87.88999938964844,85.22000122070312,86.58000183105469,1068200,0.0,0.0,,97.2943333943685,86.62150001525879
2023-10-12 00:00:00-04:00,87.9000015258789,88.5199966430664,84.58999633789062,84.80000305175781,1370300,0.0,0.0,,96.54283345540365,86.32550010681152
2023-10-13 00:00:00-04:00,84.77999877929688,84.77999877929688,82.25,82.7300033569336,1161700,0.0,0.0,,95.89100023905436,86.06250038146973
2023-10-16 00:00:00-04:00,83.19999694824219,86.4800033569336,83.19000244140625,85.7300033569336,1610500,0.0,0.0,,95.27300033569335,85.9680004119873
2023-10-17 00:00:00-04:00,85.58999633789062,88.98999786376953,85.58999633789062,87.2300033569336,1600500,0.0,0.0,,94.6825003306071,85.84550056457519
2023-10-18 00:00:00-04:00,86.18000030517578,86.97000122070312,85.05000305175781,85.30000305175781,1209600,0.0,0.0,,94.07300033569337,85.71350059509277
2023-10-19 00:00:00-04:00,85.30000305175781,86.30999755859375,84.13999938964844,84.44999694824219,1292800,0.0,0.0,,93.48383356730143,85.63200035095215
2023-10-20 00:00:00-04:00,86.80000305175781,88.5199966430664,85.05999755859375,85.55999755859375,1290000,0.0,0.0,,93.2048334757487,85.58750038146972
2023-10-23 00:00:00-04:00,85.27999877929688,86.31999969482422,84.27999877929688,84.8499984741211,1087600,0.0,0.0,,92.81666679382325,85.51450042724609
2023-10-24 00:00:00-04:00,86.2699966430664,89.91999816894531,86.2699966430664,89.16000366210938,1539800,0.0,0.0,,92.49683354695638,85.77950057983398
2023-10-25 00:00:00-04:00,88.88999938964844,89.4000015258789,87.47000122070312,87.5199966430664,1076300,0.0,0.0,,92.17216682434082,85.92750053405761
2023-10-26 00:00:00-04:00,87.16000366210938,88.68000030517578,85.70999908447266,86.3499984741211,1271700,0.0,0.0,,91.87300008138021,85.95150032043458
2023-10-27 00:00:00-04:00,87.08000183105469,89.55000305175781,85.83999633789062,85.9800033569336,1113300,0.0,0.0,,91.576500193278,85.83900032043456
2023-10-30 00:00:00-04:00,87.0,88.83999633789062,87.0,87.4800033569336,1242600,0.0,0.0,,91.26933352152507,85.81900062561036
2023-10-31 00:00:00-04:00,87.4000015258789,90.02999877929688,87.4000015258789,89.31999969482422,1398500,0.0,0.0,,91.01666679382325,85.98800048828124
2023-11-01 00:00:00-04:00,89.31999969482422,89.66999816894531,84.69000244140625,87.41000366210938,2640300,0.0,0.0,,90.73916689554851,86.08400077819825
2023-11-02 00:00:00-04:00,74.19999694824219,82.8499984741211,74.0,82.79000091552734,6414400,0.0,0.0,,90.40316696166992,86.01000099182129
2023-11-03 00:00:00-04:00,84.0,87.43000030517578,82.58999633789062,83.93000030517578,2183500,0.0,0.0,,90.08533363342285,85.96550102233887
2023-11-06 00:00:00-05:00,84.27999877929688,84.4800033569336,81.02999877929688,82.19999694824219,1495200,0.0,0.0,,89.77883364359538,85.81550102233886
2023-11-07 00:00:00-05:00,82.29000091552734,84.47000122070312,82.19999694824219,84.4000015258789,1194500,0.0,0.0,,89.53183364868164,85.6885009765625
2023-11-08 00:00:00-05:00,84.4000015258789,84.6500015258789,81.62999725341797,82.9800033569336,1322100,0.0,0.0,,89.2848336537679,85.50850105285645
2023-11-09 00:00:00-05:00,83.56999969482422,83.56999969482422,79.19000244140625,79.23999786376953,1425400,0.0,0.0,,89.03866691589356,85.23050079345703
2023-11-10 00:00:00-05:00,79.30000305175781,79.70999908447266,78.11000061035156,79.69000244140625,1223000,0.0,0.0,,88.8256669362386,85.07850074768066
2023-11-13 00:00:00-05:00,79.0999984741211,79.62999725341797,77.16000366210938,77.2699966430664,1608600,0.0,0.0,,88.53350016276042,84.6555004119873
2023-11-14 00:00:00-05:00,79.5,85.19000244140625,79.44000244140625,85.13999938964844,1908000,0.0,0.0,109.00069999694824,88.31783345540364,84.55100021362304
2023-11-15 00:00:00-05:00,86.69000244140625,91.61000061035156,86.5,89.51000213623047,2352400,0.0,0.0,108.83940002441406,88.16783345540365,84.76150016784668
2023-11-16 00:00:00-05:00,88.5,88.97000122070312,86.73999786376953,87.81999969482422,1065100,0.0,0.0,108.65230003356933,87.97800013224284,84.93000030517578
2023-11-17 00:00:00-05:00,89.48999786376953,91.5,88.58000183105469,91.18000030517578,1139200,0.0,0.0,108.48110004425048,87.91266682942708,85.21100044250488
2023-11-20 00:00:00-05:00,91.0999984741211,94.69999694824219,90.91999816894531,94.56999969482422,1506100,0.0,0.0,108.34405002593994,87.89616686503092,85.69700050354004
2023-11-21 00:00:00-05:00,93.87000274658203,94.48999786376953,91.83999633789062,92.5999984741211,1074300,0.0,0.0,108.21340000152588,87.8255002339681,85.86900024414062
2023-11-22 00:00:00-05:00,93.63999938964844,94.55999755859375,92.62999725341797,93.69999694824219,718300,0.0,0.0,108.07909999847412,87.76466687520345,86.17800025939941
2023-11-24 00:00:00-05:00,93.7300033569336,94.86000061035156,93.4000015258789,94.58999633789062,437500,0.0,0.0,107.96894996643067,87.72716687520345,86.59000015258789
2023-11-27 00:00:00-05:00,93.7300033569336,98.70999908447266,93.47000122070312,96.16000366210938,2288300,0.0,0.0,107.87584999084473,87.70750033060709,87.09900016784668
2023-11-28 00:00:00-05:00,99.19999694824219,101.48999786376953,97.05999755859375,101.08999633789062,2508000,0.0,0.0,107.80479995727539,87.72800025939941,87.77949981689453
2023-11-29 00:00:00-05:00,102.31999969482422,106.12000274658203,102.18000030517578,103.69999694824219,1983400,0.0,0.0,107.73004993438721,87.81650021870931,88.49849967956543
2023-11-30 00:00:00-05:00,104.0,106.02999877929688,101.7699966430664,105.61000061035156,1630500,0.0,0.0,107.64594993591308,87.97066688537598,89.40849952697754
2023-12-01 00:00:00-05:00,104.98999786376953,106.72000122070312,102.94999694824219,106.55999755859375,1696800,0.0,0.0,107.55039993286132,88.14200019836426,90.59699935913086
2023-12-04 00:00:00-05:00,106.06999969482422,107.37999725341797,104.04000091552734,105.05999755859375,1346500,0.0,0.0,107.41969993591309,88.33683344523112,91.65349922180175
2023-12-05 00:00:00-05:00,104.31999969482422,104.55999755859375,101.66999816894531,102.19999694824219,1563800,0.0,0.0,107.27334991455078,88.4943333943685,92.65349922180175
2023-12-06 00:00:00-05:00,103.05999755859375,105.48999786376953,102.70999908447266,103.66999816894531,1037700,0.0,0.0,107.19809989929199,88.69116668701172,93.61699905395508
2023-12-07 00:00:00-05:00,103.1500015258789,104.29000091552734,102.91999816894531,104.11000061035156,943800,0.0,0.0,107.09274990081786,88.93449999491374,94.67349891662597
2023-12-08 00:00:00-05:00,103.4000015258789,105.94999694824219,103.12999725341797,103.73999786376953,927400,0.0,0.0,106.9840998840332,89.15149993896485,95.89849891662598
2023-12-11 00:00:00-05:00,103.26000213623047,105.47000122070312,103.26000213623047,104.5999984741211,651500,0.0,0.0,106.89529987335204,89.4283332824707,97.14399871826171
2023-12-12 00:00:00-05:00,106.05000305175781,106.05000305175781,103.79000091552734,104.91999816894531,922000,0.0,0.0,106.8019998550415,89.71666653951009,98.52649879455566
2023-12-13 00:00:00-05:00,104.5,107.2300033569336,102.79000091552734,106.80000305175781,1101100,0.0,0.0,106.72744987487793,90.00199991861979,99.60949897766113
2023-12-14 00:00:00-05:00,108.94000244140625,110.9000015258789,107.80000305175781,107.86000061035156,1359300,0.0,0.0,106.64449989318848,90.33399988810221,100.5269989013672
2023-12-15 00:00:00-05:00,107.93000030517578,108.93000030517578,107.04000091552734,107.11000061035156,1384200,0.0,0.0,106.55329990386963,90.68449986775717,101.49149894714355
2023-12-18 00:00:00-05:00,107.5999984741211,107.5999984741211,103.45999908447266,103.62999725341797,1479900,0.0,0.0,106.44374988555909,90.97083320617676,102.11399879455567
2023-12-19 00:00:00-05:00,104.45999908447266,106.5999984741211,104.08999633789062,105.26000213623047,1319300,0.0,0.0,106.34474990844727,91.28666661580404,102.64849891662598
2023-12-20 00:00:00-05:00,105.06999969482422,106.5,100.83000183105469,100.87999725341797,1259100,0.0,0.0,106.22679988861084,91.57033322652181,103.06249885559082
2023-12-21 00:00:00-05:00,102.61000061035156,103.91000366210938,101.55000305175781,102.33000183105469,957700,0.0,0.0,106.11944988250733,91.86649996439616,103.49399909973144
2023-12-22 00:00:00-05:00,99.69000244140625,99.80000305175781,97.08999633789062,98.18000030517578,2336600,0.0,0.0,106.01219989776611,92.07166659037271,103.6734992980957
2023-12-26 00:00:00-05:00,98.5,98.66999816894531,96.61000061035156,96.69999694824219,1220300,0.0,0.0,105.9190998840332,92.21283315022787,103.70049896240235
2023-12-27 00:00:00-05:00,96.75,96.95999908447266,94.19999694824219,94.51000213623047,1571000,0.0,0.0,105.83509990692139,92.32333323160807,103.37149925231934
2023-12-28 00:00:00-05:00,94.36000061035156,95.29000091552734,93.9800033569336,95.2699966430664,1169100,0.0,0.0,105.73024990081787,92.47883313496908,102.94999923706055
2023-12-29 00:00:00-05:00,95.0,95.94000244140625,92.87999725341797,93.41000366210938,1276800,0.0,0.0,105.61014991760254,92.61083323160807,102.33999938964844
2024-01-02 00:00:00-05:00,92.69999694824219,95.68000030517578,92.18000030517578,93.7699966430664,1670300,0.0,0.0,105.47269989013672,92.7691665649414,101.70049934387207
2024-01-03 00:00:00-05:00,92.12000274658203,92.22000122070312,88.43000030517578,88.69000244140625,2243500,0.0,0.0,105.31654991149902,92.83366661071777,100.88199958801269
2024-01-04 00:00:00-05:00,88.19000244140625,91.19999694824219,87.91000366210938,89.77999877929688,2094700,0.0,0.0,105.17249992370606,92.90999997456869,100.26099967956543
2024-01-05 00:00:00-05:00,89.0,89.4800033569336,85.70999908447266,86.45999908447266,2856300,0.0,0.0,104.99469993591309,92.9019999186198,99.4004997253418
2024-01-08 00:00:00-05:00,98.5,104.8499984741211,96.0199966430664,104.02999877929688,7258000,0.0,0.0,104.93534992218018,93.1928332010905,99.39649963378906
2024-01-09 00:00:00-05:00,103.3499984741211,104.13999938964844,100.11000061035156,100.12000274658203,2942500,0.0,0.0,104.83154994964599,93.44816652933757,99.21549987792969
2024-01-10 00:00:00-05:00,101.19000244140625,106.0,100.5999984741211,105.16000366210938,2245400,0.0,0.0,104.76559997558594,93.82199986775716,99.24350013732911
2024-01-11 00:00:00-05:00,105.19999694824219,106.83000183105469,103.33999633789062,104.9000015258789,1637100,0.0,0.0,104.70340000152588,94.14149983723958,99.24250030517578
2024-01-12 00:00:00-05:00,105.16000366210938,105.83000183105469,103.08999633789062,103.38999938964844,1432200,0.0,0.0,104.63040000915527,94.4108331044515,99.0720001220703
2024-01-16 00:00:00-05:00,102.80999755859375,102.80999755859375,99.58000183105469,100.7300033569336,1758400,0.0,0.0,104.5377500152588,94.66799977620443,98.71550025939942
2024-01-17 00:00:00-05:00,99.19999694824219,99.93000030517578,98.01000213623047,99.47000122070312,1145500,0.0,0.0,104.40980003356934,94.91833318074545,98.333500289917
2024-01-18 00:00:00-05:00,100.0999984741211,100.9000015258789,98.56999969482422,100.5,1044400,0.0,0.0,104.2801000213623,95.16733322143554,98.1770004272461
2024-01-19 00:00:00-05:00,100.55999755859375,102.04000091552734,99.05000305175781,101.3499984741211,813000,0.0,0.0,104.14350002288819,95.44233322143555,97.98150024414062
2024-01-22 00:00:00-05:00,102.7300033569336,102.97000122070312,100.9000015258789,102.08999633789062,1234300,0.0,0.0,104.01885002136231,95.65783309936523,98.04200019836426
2024-01-23 00:00:00-05:00,102.70999908447266,103.44000244140625,100.16000366210938,101.98999786376953,1407800,0.0,0.0,103.91090000152587,95.89899978637695,98.025
2024-01-24 00:00:00-05:00,102.69000244140625,102.79000091552734,99.5999984741211,100.19999694824219,1195700,0.0,0.0,103.80259998321533,96.12983309427896,98.12599983215333
2024-01-25 00:00:00-05:00,100.91999816894531,101.4800033569336,99.25,100.66000366210938,1311900,0.0,0.0,103.66604999542237,96.3744997660319,98.32400016784668
2024-01-26 00:00:00-05:00,102.44999694824219,103.91999816894531,101.73999786376953,102.95999908447266,1639600,0.0,0.0,103.54049995422363,96.63249969482422,98.74650001525879
2024-01-29 00:00:00-05:00,103.1500015258789,104.80999755859375,103.06999969482422,104.4000015258789,1718500,0.0,0.0,103.431549949646,96.88383305867514,99.20300025939942
2024-01-30 00:00:00-05:00,104.01000213623047,104.43000030517578,103.26000213623047,103.94000244140625,1009200,0.0,0.0,103.29734996795655,97.15933303833008,99.72950019836426
2024-01-31 00:00:00-05:00,103.0,104.68000030517578,101.41000366210938,101.4800033569336,1278400,0.0,0.0,103.13324996948242,97.47083307902018,100.11500053405761
2024-02-01 00:00:00-05:00,103.04000091552734,103.31999969482422,98.88999938964844,100.80999755859375,1759200,0.0,0.0,102.94209999084472,97.75216636657714,100.72100028991699
2024-02-02 00:00:00-05:00,99.58000183105469,99.75,96.91000366210938,98.18000030517578,1664500,0.0,0.0,102.71424999237061,98.01849975585938,101.14100036621093
2024-02-05 00:00:00-05:00,97.52999877929688,97.70999908447266,95.26000213623047,96.20999908447266,922000,0.0,0.0,102.47345001220702,98.2153330485026,101.62850036621094
2024-02-06 00:00:00-05:00,96.48999786376953,99.5999984741211,94.5,99.0,1004300,0.0,0.0,102.23980003356934,98.48233299255371,101.37700042724609
2024-02-07 00:00:00-05:00,99.81999969482422,100.51000213623047,97.86000061035156,99.97000122070312,1021000,0.0,0.0,102.00375007629394,98.8278330485026,101.36950035095215
2024-02-08 00:00:00-05:00,100.97000122070312,104.37000274658203,99.33000183105469,104.30999755859375,1136000,0.0,0.0,101.76965003967285,99.23816630045573,101.32700004577637
2024-02-09 00:00:00-05:00,105.0999984741211,107.7699966430664,104.62000274658203,107.54000091552734,1263900,0.0,0.0,101.58070003509522,99.74266637166342,101.4590000152588
2024-02-12 00:00:00-05:00,108.13999938964844,112.41000366210938,108.0,110.08000183105469,1554100,0.0,0.0,101.392200050354,100.15833307902018,101.7935001373291
2024-02-13 00:00:00-05:00,105.4000015258789,108.5,104.63999938964844,106.94000244140625,1370100,0.0,0.0,101.30530006408691,100.44883308410644,102.10400009155273
2024-02-14 00:00:00-05:00,108.98999786376953,109.66999816894531,106.0199966430664,108.37000274658203,1944300,0.0,0.0,101.2288000869751,100.79133313496908,102.54900016784669
2024-02-15 00:00:00-05:00,116.66000366210938,122.69000244140625,112.31999969482422,121.62999725341797,4853600,0.0,0.0,101.23205005645752,101.29883308410645,103.60550003051758
2024-02-16 00:00:00-05:00,120.58000183105469,121.12999725341797,117.69000244140625,118.9800033569336,1888000,0.0,0.0,101.22615005493164,101.70566647847494,104.4870002746582
2024-02-20 00:00:00-05:00,117.08000183105469,117.83000183105469,113.69999694824219,115.58999633789062,1482300,0.0,0.0,101.20345005035401,102.08883310953776,105.1620002746582
2024-02-21 00:00:00-05:00,113.88999938964844,116.22000122070312,113.31999969482422,115.72000122070312,861200,0.0,0.0,101.23280006408692,102.45583318074544,105.84850044250489
2024-02-22 00:00:00-05:00,116.6500015258789,118.52999877929688,116.11000061035156,117.29000091552734,1272400,0.0,0.0,101.24685005187989,102.83416659037272,106.70300064086913
2024-02-23 00:00:00-05:00,117.27999877929688,119.44000244140625,117.18000030517578,118.30999755859375,891700,0.0,0.0,101.25465003967285,103.20333315531413,107.58550033569335
2024-02-26 00:00:00-05:00,118.75,120.43000030517578,118.05000305175781,119.87999725341797,1099000,0.0,0.0,101.26950000762939,103.51649983723958,108.43150024414062
2024-02-27 00:00:00-05:00,118.5199966430664,121.63999938964844,118.5199966430664,121.08999633789062,1189800,0.0,0.0,101.29264999389649,103.80633316040038,109.26599998474121
2024-02-28 00:00:00-05:00,120.16999816894531,124.41999816894531,119.86000061035156,123.26000213623047,1015700,0.0,0.0,101.32494998931885,104.10049985249837,110.23199996948242
2024-02-29 00:00:00-05:00,124.69999694824219,125.5,121.87000274658203,122.25,1423300,0.0,0.0,101.35919998168946,104.36199989318848,111.27049980163574
2024-03-01 00:00:00-05:00,123.56999969482422,126.02999877929688,122.08999633789062,124.80999755859375,1084400,0.0,0.0,101.39129997253418,104.69116655985515,112.47049980163574
2024-03-04 00:00:00-05:00,125.98999786376953,126.04000091552734,123.20999908447266,124.58999633789062,1039500,0.0,0.0,101.44699996948242,105.06433321634928,113.79099960327149
2024-03-05 00:00:00-05:00,123.13999938964844,124.7300033569336,121.36000061035156,122.0199966430664,1171400,0.0,0.0,101.47374996185303,105.3701665242513,115.08149948120118
2024-03-06 00:00:00-05:00,123.5,123.80000305175781,120.30999755859375,120.38999938964844,689600,0.0,0.0,101.49884994506836,105.64149983723958,116.1509994506836
2024-03-07 00:00:00-05:00,120.23999786376953,124.80000305175781,120.23999786376953,124.0,1152600,0.0,0.0,101.57384994506836,105.97916653951009,117.35249938964844
2024-03-08 00:00:00-05:00,124.19000244140625,126.58000183105469,123.86000061035156,125.04000091552734,1112200,0.0,0.0,101.66349994659424,106.31983324686686,118.38899955749511
2024-03-11 00:00:00-04:00,124.9000015258789,127.0199966430664,124.73999786376953,126.69999694824219,1219900,0.0,0.0,101.7662999343872,106.68283322652181,119.34699935913086
2024-03-12 00:00:00-04:00,126.4000015258789,128.0500030517578,124.02999877929688,125.58999633789062,1215900,0.0,0.0,101.87379993438721,106.99599978129069,120.12249908447265
2024-03-13 00:00:00-04:00,125.52999877929688,129.5,125.52999877929688,129.32000732421875,1338900,0.0,0.0,101.99879997253419,107.35366655985514,121.24149932861329
2024-03-14 00:00:00-04:00,129.72000122070312,130.0399932861328,125.08000183105469,125.98999786376953,879000,0.0,0.0,102.09504997253418,107.66833318074545,122.12249908447265
2024-03-15 00:00:00-04:00,126.18000030517578,129.0500030517578,126.08999633789062,128.1699981689453,1466200,0.0,0.0,102.16424995422364,108.07733319600423,122.44949913024902
2024-03-18 00:00:00-04:00,128.00999450683594,131.24000549316406,126.27999877929688,129.9600067138672,1175200,0.0,0.0,102.25264999389648,108.48899993896484,122.99849929809571
2024-03-19 00:00:00-04:00,128.58999633789062,132.19000244140625,128.0800018310547,131.7100067138672,964400,0.0,0.0,102.38540000915528,109.00283342997233,123.80449981689453
2024-03-20 00:00:00-04:00,133.0399932861328,140.10000610351562,132.75999450683594,139.99000549316406,2432400,0.0,0.0,102.53515003204346,109.63050015767415,125.01800003051758
2024-03-21 00:00:00-04:00,140.0,141.27000427246094,138.3800048828125,141.0,1304200,0.0,0.0,102.6918500137329,110.34416681925455,126.20349998474121
2024-03-22 00:00:00-04:00,139.5399932861328,141.91000366210938,138.6199951171875,141.6199951171875,1109700,0.0,0.0,102.82014999389648,111.09283345540365,127.3689998626709
2024-03-25 00:00:00-04:00,141.72999572753906,143.9199981689453,140.88999938964844,141.25,1070800,0.0,0.0,102.92095001220703,111.8718334197998,128.4375
2024-03-26 00:00:00-04:00,142.13999938964844,142.13999938964844,139.91000366210938,140.0500030517578,1023100,0.0,0.0,103.0383500289917,112.61816685994467,129.38550033569337
2024-03-27 00:00:00-04:00,140.83999633789062,143.27999877929688,139.67999267578125,143.02000427246094,1015500,0.0,0.0,103.17250003814698,113.44500020345052,130.37350044250488
2024-03-28 00:00:00-04:00,142.89999389648438,144.88999938964844,142.14999389648438,143.8000030517578,800000,0.0,0.0,103.313450050354,114.27883364359538,131.45100059509278
2024-04-01 00:00:00-04:00,145.80999755859375,146.7899932861328,143.88999938964844,145.75,1144900,0.0,0.0,103.46820003509521,115.22983360290527,132.49800071716308
2024-04-02 00:00:00-04:00,141.75,142.69000244140625,138.72999572753906,141.66000366210938,1081500,0.0,0.0,103.60290004730224,116.09450035095215,133.35150108337402
2024-04-03 00:00:00-04:00,141.69000244140625,142.22000122070312,138.05999755859375,138.75999450683594,1153100,0.0,0.0,103.72125003814698,116.96616694132487,134.1885009765625
2024-04-04 00:00:00-04:00,140.97000122070312,141.02000427246094,133.22999572753906,134.3800048828125,1242000,0.0,0.0,103.84340007781982,117.47200037638346,134.88800125122071
2024-04-05 00:00:00-04:00,134.52000427246094,135.75,133.6300048828125,134.08999633789062,743300,0.0,0.0,103.98410007476807,118.03816693623861,135.39250106811522
2024-04-08 00:00:00-04:00,134.50999450683594,135.5,132.44000244140625,132.72999572753906,866400,0.0,0.0,104.10485004425048,118.49766680399577,135.77700080871583
2024-04-09 00:00:00-04:00,131.7899932861328,131.89999389648438,125.58999633789062,128.22000122070312,1877500,0.0,0.0,104.21065006256103,118.88633346557617,135.85300102233887
2024-04-10 00:00:00-04:00,125.22000122070312,129.57000732421875,124.0999984741211,128.2899932861328,910000,0.0,0.0,104.32205001831055,119.30133336385092,135.98800086975098
2024-04-11 00:00:00-04:00,129.75999450683594,130.42999267578125,128.14999389648438,129.41000366210938,744000,0.0,0.0,104.44515003204346,119.77933336893717,135.9925006866455
2024-04-12 00:00:00-04:00,128.27999877929688,128.94000244140625,124.86000061035156,125.54000091552734,880600,0.0,0.0,104.53745002746582,120.21383336385091,135.9700008392334
2024-04-15 00:00:00-04:00,126.95999908447266,128.33999633789062,123.0199966430664,123.36000061035156,1090300,0.0,0.0,104.61860004425048,120.59483337402344,135.7295009613037
2024-04-16 00:00:00-04:00,121.98999786376953,124.66999816894531,119.9000015258789,120.68000030517578,1626300,0.0,0.0,104.680950050354,120.91700007120768,135.26550064086913
2024-04-17 00:00:00-04:00,122.88999938964844,122.91000366210938,118.5999984741211,119.33000183105469,987800,0.0,0.0,104.71540004730224,121.20433349609375,134.64650039672853
2024-04-18 00:00:00-04:00,120.76000213623047,124.0999984741211,119.72000122070312,121.08000183105469,715500,0.0,0.0,104.73550006866455,121.52250022888184,133.70100021362305
2024-04-19 00:00:00-04:00,120.2300033569336,122.62999725341797,119.83000183105469,120.54000091552734,808700,0.0,0.0,104.76690006256104,121.86150029500325,132.67800025939943
2024-04-22 00:00:00-04:00,121.81999969482422,127.47000122070312,121.31999969482422,125.37999725341797,1285300,0.0,0.0,104.83665004730224,122.27350018819173,131.86600036621093
2024-04-23 00:00:00-04:00,125.6500015258789,128.4499969482422,125.19000244140625,126.43000030517578,1172200,0.0,0.0,104.90665004730225,122.66466687520345,131.12500038146973
2024-04-24 00:00:00-04:00,126.68000030517578,127.37000274658203,124.25,125.7699966430664,664800,0.0,0.0,104.94865001678467,123.02083346048991,130.41100006103517
2024-04-25 00:00:00-04:00,123.44000244140625,124.06999969482422,120.33000183105469,123.51000213623047,794200,0.0,0.0,104.96400001525879,123.34700012207031,129.43549995422364
2024-04-26 00:00:00-04:00,125.30999755859375,127.7300033569336,124.41999816894531,125.4000015258789,847000,0.0,0.0,104.95890003204346,123.7456667582194,128.5154998779297
2024-04-29 00:00:00-04:00,126.0199966430664,128.8699951171875,126.0199966430664,127.69000244140625,825300,0.0,0.0,104.96740005493164,124.19366683959962,127.6125
2024-04-30 00:00:00-04:00,126.7300033569336,127.55999755859375,124.30999755859375,124.37000274658203,756200,0.0,0.0,104.96905006408691,124.6301668802897,126.74799995422363
2024-05-01 00:00:00-04:00,124.25,126.66999816894531,121.5,123.55000305175781,1010100,0.0,0.0,104.9513000869751,125.0858336130778,125.98750038146973
2024-05-02 00:00:00-04:00,126.33999633789062,126.7300033569336,123.62000274658203,126.69999694824219,801400,0.0,0.0,104.94810009002686,125.54750022888183,125.6034999847412
2024-05-03 00:00:00-04:00,129.58999633789062,129.58999633789062,123.08000183105469,124.27999877929688,1423400,0.0,0.0,104.9200500869751,125.95266685485839,125.11300010681153
2024-05-06 00:00:00-04:00,125.9000015258789,128.24000549316406,125.52999877929688,126.62999725341797,1799400,0.0,0.0,104.94400009155274,126.32466684977213,124.80800018310546
2024-05-07 00:00:00-04:00,133.1199951171875,142.7100067138672,132.10000610351562,136.49000549316406,5366600,0.0,0.0,105.01240013122559,126.80716692606607,125.22150039672852
2024-05-08 00:00:00-04:00,135.27000427246094,137.27000427246094,133.14999389648438,135.4199981689453,1204900,0.0,0.0,105.07620010375976,127.22950019836426,125.57800064086913
2024-05-09 00:00:00-04:00,135.86000061035156,139.86000061035156,134.77000427246094,139.6999969482422,1419200,0.0,0.0,105.16535007476807,127.77550010681152,126.09250030517578
2024-05-10 00:00:00-04:00,140.72000122070312,143.36000061035156,139.17999267578125,143.27000427246094,1711700,0.0,0.0,105.28270008087158,128.3571667989095,126.97900047302247
2024-05-13 00:00:00-04:00,144.58999633789062,144.77999877929688,141.02000427246094,142.94000244140625,903900,0.0,0.0,105.48590007781982,128.71233355204265,127.9580005645752
2024-05-14 00:00:00-04:00,144.77000427246094,147.36000061035156,144.57000732421875,145.30999755859375,1371200,0.0,0.0,105.67175006866455,129.151166788737,129.1895004272461
2024-05-15 00:00:00-04:00,146.8300018310547,148.16000366210938,144.05999755859375,144.72999572753906,1054200,0.0,0.0,105.85365005493163,129.63683344523113,130.45950012207032
2024-05-16 00:00:00-04:00,144.8000030517578,145.3800048828125,140.72999572753906,142.00999450683594,1102200,0.0,0.0,106.02870002746582,130.075,131.50599975585936
2024-05-17 00:00:00-04:00,142.16000366210938,142.77999877929688,140.1999969482422,140.9499969482422,878100,0.0,0.0,106.21194999694825,130.4693332672119,132.52649955749513
2024-05-20 00:00:00-04:00,141.08999633789062,141.8699951171875,139.00999450683594,139.32000732421875,608900,0.0,0.0,106.38970005035401,130.819500096639,133.22350006103517
2024-05-21 00:00:00-04:00,139.5399932861328,144.88999938964844,139.5,144.4199981689453,1086600,0.0,0.0,106.58225002288819,131.22850011189777,134.12299995422364
2024-05-22 00:00:00-04:00,142.97000122070312,144.24000549316406,141.0800018310547,141.5399932861328,805000,0.0,0.0,106.76754997253418,131.5693333943685,134.91149978637696
2024-05-23 00:00:00-04:00,141.86000061035156,144.60000610351562,139.5,142.6199951171875,1105900,0.0,0.0,106.96034996032715,131.8919999440511,135.86699943542482
2024-05-24 00:00:00-04:00,144.72999572753906,150.72000122070312,144.72999572753906,148.9199981689453,1641600,0.0,0.0,107.19019996643067,132.33649991353352,137.04299926757812
2024-05-28 00:00:00-04:00,150.77000427246094,155.4600067138672,150.75999450683594,154.91000366210938,1447200,0.0,0.0,107.44974998474122,132.83816668192546,138.40399932861328
2024-05-29 00:00:00-04:00,152.89999389648438,154.89999389648438,151.57000732421875,153.61000061035156,1036700,0.0,0.0,107.71485000610352,133.32183341979982,139.86599922180176
2024-05-30 00:00:00-04:00,154.0500030517578,157.55999755859375,153.6199951171875,155.97000122070312,896200,0.0,0.0,107.99860000610352,133.88766682942708,141.48699913024902
2024-05-31 00:00:00-04:00,156.33999633789062,158.0,152.17999267578125,155.63999938964844,1050400,0.0,0.0,108.28779998779297,134.47516682942708,142.93399925231932
2024-06-03 00:00:00-04:00,157.0,158.11000061035156,153.07000732421875,153.92999267578125,900900,0.0,0.0,108.58739994049073,134.9740000406901,144.41649894714357
2024-06-04 00:00:00-04:00,152.47999572753906,154.74000549316406,148.5800018310547,148.72000122070312,1029800,0.0,0.0,108.86864994049073,135.36866671244303,145.5209991455078
2024-06-05 00:00:00-04:00,148.9600067138672,149.6999969482422,147.60000610351562,148.00999450683594,773600,0.0,0.0,109.13469989776611,135.7238333384196,146.0969985961914
2024-06-06 00:00:00-04:00,148.5,149.4199981689453,146.66000366210938,148.41000366210938,1379400,0.0,0.0,109.38634990692138,136.10416679382325,146.74649887084962
2024-06-07 00:00:00-04:00,147.94000244140625,150.8699951171875,146.66000366210938,147.0,923200,0.0,0.0,109.62879989624024,136.3988333384196,147.1114990234375
2024-06-10 00:00:00-04:00,145.39999389648438,155.0399932861328,143.27999877929688,154.0800018310547,1361900,0.0,0.0,109.90314990997314,136.86700007120768,147.6519989013672
2024-06-11 00:00:00-04:00,153.00999450683594,154.66000366210938,150.08999633789062,154.52999877929688,1014500,0.0,0.0,110.20029991149903,137.30633341471355,148.23149871826172
2024-06-12 00:00:00-04:00,158.0,158.8000030517578,155.5399932861328,157.4499969482422,1111500,0.0,0.0,110.50974990844726,137.7644999186198,148.83849868774413
2024-06-13 00:00:00-04:00,156.9600067138672,159.75,155.52999877929688,158.64999389648438,1345100,0.0,0.0,110.81879989624024,138.21349970499674,149.5344985961914
2024-06-14 00:00:00-04:00,156.30999755859375,159.16000366210938,154.77999877929688,156.97999572753906,1074300,0.0,0.0,111.11694988250733,138.496666208903,150.28299865722656
2024-06-17 00:00:00-04:00,156.63999938964844,161.0399932861328,155.4600067138672,159.67999267578125,858400,0.0,0.0,111.43114986419678,138.80799942016603,151.21949844360353
2024-06-18 00:00:00-04:00,159.49000549316406,160.02999877929688,156.33999633789062,159.4199981689453,1177500,0.0,0.0,111.74154987335206,139.10466613769532,152.22449798583983
2024-06-20 00:00:00-04:00,160.0,165.32000732421875,156.7899932861328,157.85000610351562,1541800,0.0,0.0,112.03149990081788,139.38133290608724,152.89599838256837
2024-06-21 00:00:00-04:00,156.5,156.5,153.11000061035156,154.74000549316406,1765400,0.0,0.0,112.31324993133545,139.62616628011068,153.5559989929199
2024-06-24 00:00:00-04:00,153.32000732421875,154.8300018310547,151.4600067138672,152.58999633789062,1418300,0.0,0.0,112.59439990997315,139.78566614786783,154.05449905395508
2024-06-25 00:00:00-04:00,153.41000366210938,153.8000030517578,150.6699981689453,151.13999938964844,938600,0.0,0.0,112.8686999130249,139.90799942016602,154.16549911499024
2024-06-26 00:00:00-04:00,151.94000244140625,154.8000030517578,148.17999267578125,148.63999938964844,1109300,0.0,0.0,113.14504989624024,139.95616607666017,153.85199890136718
2024-06-27 00:00:00-04:00,147.89999389648438,148.74000549316406,146.22999572753906,148.25,1014200,0.0,0.0,113.42254989624024,140.06599934895834,153.5839988708496
2024-06-28 00:00:00-04:00,144.88999938964844,148.64999389648438,142.8000030517578,145.94000244140625,2387300,0.0,0.0,113.69294990539551,140.18566614786783,153.08249893188477
2024-07-01 00:00:00-04:00,147.57000732421875,150.02999877929688,146.83999633789062,147.75,1239800,0.0,0.0,113.98414989471435,140.40849939982095,152.68799896240233
2024-07-02 00:00:00-04:00,146.6199951171875,147.02000427246094,143.16000366210938,145.49000549316406,1276300,0.0,0.0,114.25799991607666,140.59849955240887,152.2659996032715
2024-07-03 00:00:00-04:00,146.17999267578125,150.13999938964844,146.0,147.89999389648438,512600,0.0,0.0,114.55754989624023,140.8513328552246,152.22499923706056
2024-07-05 00:00:00-04:00,147.80999755859375,148.88999938964844,142.86000061035156,143.5399932861328,1107000,0.0,0.0,114.83714984893798,141.1066660563151,152.0014991760254
2024-07-08 00:00:00-04:00,145.0,145.57000732421875,143.02999877929688,144.52000427246094,1206900,0.0,0.0,115.11134986877441,141.37716623942057,151.80699920654297
2024-07-09 00:00:00-04:00,144.5,145.33999633789062,142.66000366210938,143.25,835500,0.0,0.0,115.38789985656739,141.6078328450521,151.61949920654297
2024-07-10 00:00:00-04:00,144.4499969482422,144.4499969482422,137.57000732421875,140.13999938964844,1473600,0.0,0.0,115.65819984436035,141.8511661529541,150.92249908447266
2024-07-11 00:00:00-04:00,142.16000366210938,143.77000427246094,141.00999450683594,142.88999938964844,1119900,0.0,0.0,115.94039985656738,142.17666613260906,150.34049911499022
2024-07-12 00:00:00-04:00,141.5500030517578,141.97999572753906,138.85000610351562,139.24000549316406,1528100,0.0,0.0,116.20504989624024,142.48599955240886,149.42999954223632
2024-07-15 00:00:00-04:00,139.22000122070312,139.22000122070312,135.66000366210938,135.85000610351562,1235700,0.0,0.0,116.46499992370606,142.76133295694987,148.29000015258788
2024-07-16 00:00:00-04:00,136.1199951171875,137.1999969482422,133.58999633789062,136.10000610351562,1272800,0.0,0.0,116.72269996643067,143.01166636149088,147.24600067138672
2024-07-17 00:00:00-04:00,133.49000549316406,137.16000366210938,132.27000427246094,132.99000549316406,1088100,0.0,0.0,116.95829998016357,143.21916643778482,145.91150131225587
2024-07-18 00:00:00-04:00,133.72000122070312,135.52000427246094,130.0800018310547,131.5500030517578,1188000,0.0,0.0,117.1748999786377,143.32199986775717,144.51800155639648
2024-07-19 00:00:00-04:00,131.47999572753906,134.5,130.22000122070312,133.5,1729400,0.0,0.0,117.40299999237061,143.43983319600423,143.3005012512207
2024-07-22 00:00:00-04:00,134.3000030517578,134.42999267578125,130.88999938964844,133.27999877929688,1257700,0.0,0.0,117.63969997406006,143.56499989827475,142.22750091552734
2024-07-23 00:00:00-04:00,133.72999572753906,136.10000610351562,131.1300048828125,131.3000030517578,1519900,0.0,0.0,117.86875,143.69483324686686,141.1630012512207
2024-07-24 00:00:00-04:00,130.6699981689453,131.25999450683594,128.16000366210938,129.3800048828125,999500,0.0,0.0,118.09430004119874,143.76116663614908,140.07500152587892
2024-07-25 00:00:00-04:00,130.0,130.0,123.36000061035156,125.13999938964844,2123600,0.0,0.0,118.29590003967286,143.71866658528646,138.9000015258789
2024-07-26 00:00:00-04:00,129.5,133.63999938964844,129.2100067138672,130.5,1876000,0.0,0.0,118.52240005493164,143.82083320617676,138.01250152587892
2024-07-29 00:00:00-04:00,130.91000366210938,134.0399932861328,130.77000427246094,132.50999450683594,1337300,0.0,0.0,118.75025001525879,143.97016639709472,137.34100112915038
2024-07-30 00:00:00-04:00,132.69000244140625,136.02999877929688,130.91000366210938,132.61000061035156,1694500,0.0,0.0,118.98040000915528,144.06866645812988,136.58400115966796
2024-07-31 00:00:00-04:00,134.69000244140625,137.6999969482422,132.61000061035156,134.3699951171875,2432800,0.0,0.0,119.22824996948242,144.2368330637614,136.02800064086915
2024-08-01 00:00:00-04:00,126.58999633789062,133.0399932861328,120.80000305175781,130.80999755859375,4896100,0.0,0.0,119.46864994049072,144.30649973551434,135.17350082397462
2024-08-02 00:00:00-04:00,123.86000061035156,125.37000274658203,121.55000305175781,123.30999755859375,2195500,0.0,0.0,119.65654991149903,144.08683293660482,134.16200103759766
2024-08-05 00:00:00-04:00,114.55000305175781,122.37999725341797,112.5,121.05000305175781,1821700,0.0,0.0,119.82564990997315,143.84733301798502,132.9885009765625
2024-08-06 00:00:00-04:00,123.1500015258789,127.44999694824219,122.7699966430664,126.69000244140625,1221300,0.0,0.0,120.03259990692139,143.63049977620443,132.1605010986328
2024-08-07 00:00:00-04:00,128.49000549316406,131.72000122070312,125.88999938964844,126.18000030517578,1355000,0.0,0.0,120.24124992370605,143.34566637674968,131.46250114440917
2024-08-08 00:00:00-04:00,127.63999938964844,132.47999572753906,126.5999984741211,131.75,914600,0.0,0.0,120.47219993591308,143.15916633605957,130.90550117492677
2024-08-09 00:00:00-04:00,131.72999572753906,132.74000549316406,129.47999572753906,132.27000427246094,899700,0.0,0.0,120.70929996490479,142.94183311462402,130.5570011138916
2024-08-12 00:00:00-04:00,132.27000427246094,132.44000244140625,129.2100067138672,130.24000549316406,1048600,0.0,0.0,120.91469997406006,142.70033327738443,130.27650108337403
2024-08-13 00:00:00-04:00,132.05999755859375,135.85000610351562,131.8300018310547,134.61000061035156,1451400,0.0,0.0,121.15014999389649,142.57700004577637,130.2020008087158
2024-08-14 00:00:00-04:00,135.3300018310547,136.5500030517578,131.08999633789062,131.38999938964844,1025500,0.0,0.0,121.37534999847412,142.41766675313315,130.12200050354005
2024-08-15 00:00:00-04:00,136.66000366210938,138.66000366210938,134.44000244140625,137.17999267578125,926000,0.0,0.0,121.63134994506837,142.38199984232585,130.40349998474122
2024-08-16 00:00:00-04:00,136.69000244140625,137.25999450683594,134.75,136.0500030517578,717600,0.0,0.0,121.87419994354248,142.24249992370605,130.5310001373291
2024-08-19 00:00:00-04:00,136.02999877929688,140.11000061035156,136.02999877929688,139.30999755859375,968600,0.0,0.0,122.12414993286133,142.20533332824706,130.83250007629394
2024-08-20 00:00:00-04:00,139.39999389648438,139.4600067138672,134.5,135.00999450683594,796600,0.0,0.0,122.36214988708497,142.0784999847412,131.01799964904785
2024-08-21 00:00:00-04:00,137.1199951171875,145.3699951171875,136.6199951171875,140.60000610351562,1529600,0.0,0.0,122.6511999130249,141.9398334503174,131.578999710083
2024-08-22 00:00:00-04:00,144.41000366210938,145.49000549316406,141.32000732421875,142.05999755859375,1031700,0.0,0.0,122.941849899292,141.72566668192545,132.42499961853028
2024-08-23 00:00:00-04:00,144.47999572753906,146.86000061035156,143.16000366210938,144.69000244140625,1059400,0.0,0.0,123.25429992675781,141.57700004577637,133.13449974060057
2024-08-26 00:00:00-04:00,144.50999450683594,144.50999450683594,138.9199981689453,140.07000732421875,978200,0.0,0.0,123.5326499557495,141.31200014750164,133.51250038146972
2024-08-27 00:00:00-04:00,139.36000061035156,143.58999633789062,137.83999633789062,143.17999267578125,737600,0.0,0.0,123.83364990234375,141.10433336893718,134.0409999847412
2024-08-28 00:00:00-04:00,142.94000244140625,143.85000610351562,139.85000610351562,143.11000061035156,785700,0.0,0.0,124.15299991607667,140.92400016784669,134.4780002593994
2024-08-29 00:00:00-04:00,143.42999267578125,147.32000732421875,142.22000122070312,145.27999877929688,774000,0.0,0.0,124.48094989776611,140.86666679382324,135.20150032043458
2024-08-30 00:00:00-04:00,146.97999572753906,146.97999572753906,143.0500030517578,146.1699981689453,601900,0.0,0.0,124.8254499053955,140.83600018819172,136.34450035095216
2024-09-03 00:00:00-04:00,145.27999877929688,145.6999969482422,139.1300048828125,139.9199981689453,912300,0.0,0.0,125.099349899292,140.694500096639,137.28800010681152
2024-09-04 00:00:00-04:00,138.38999938964844,140.7100067138672,138.11000061035156,138.9199981689453,743200,0.0,0.0,125.34639987945556,140.55983339945476,137.89949989318848
2024-09-05 00:00:00-04:00,138.72999572753906,138.72999572753906,135.1699981689453,135.6199951171875,666700,0.0,0.0,125.58539985656738,140.2521666208903,138.37149963378906
2024-09-06 00:00:00-04:00,135.4199981689453,136.3699951171875,129.6999969482422,129.82000732421875,1000000,0.0,0.0,125.7785998916626,139.84033342997233,138.275
2024-09-09 00:00:00-04:00,131.00999450683594,131.97000122070312,125.5199966430664,125.7300033569336,1180500,0.0,0.0,125.93439990997314,139.3116668701172,137.94799995422363
2024-09-10 00:00:00-04:00,126.69999694824219,129.17999267578125,124.8499984741211,125.43000030517578,1091200,0.0,0.0,126.09854991912842,138.75800031026205,137.7074996948242
2024-09-11 00:00:00-04:00,125.37000274658203,128.8300018310547,123.19999694824219,128.13999938964844,911300,0.0,0.0,126.27074993133544,138.27733370463054,137.38399963378907
2024-09-12 00:00:00-04:00,128.13999938964844,128.8699951171875,126.54000091552734,127.7300033569336,736200,0.0,0.0,126.43644996643066,137.74483388264974,137.20099983215331
2024-09-13 00:00:00-04:00,128.60000610351562,131.0800018310547,128.55999755859375,128.77000427246094,825800,0.0,0.0,126.59949996948242,137.23400065104167,136.7805004119873
2024-09-16 00:00:00-04:00,129.0800018310547,136.8699951171875,129.0800018310547,135.47000122070312,1462800,0.0,0.0,126.77139999389648,136.86100056966146,136.75150032043456
2024-09-17 00:00:00-04:00,135.8000030517578,139.7899932861328,135.8000030517578,138.42999267578125,1118900,0.0,0.0,126.94504997253418,136.58916702270508,136.70750007629394
2024-09-18 00:00:00-04:00,138.52999877929688,143.0,138.3000030517578,139.80999755859375,854300,0.0,0.0,127.1160499572754,136.37616704305012,136.94750022888184
2024-09-19 00:00:00-04:00,142.9499969482422,144.32000732421875,134.4499969482422,137.9199981689453,1257300,0.0,0.0,127.27284996032715,136.15583368937175,136.81349983215333
2024-09-20 00:00:00-04:00,138.16000366210938,140.33999633789062,137.63999938964844,139.0500030517578,1491800,0.0,0.0,127.44279998779297,135.99600041707356,136.66300010681152
2024-09-23 00:00:00-04:00,140.5,144.08999633789062,137.94000244140625,143.75,1084600,0.0,0.0,127.65055000305176,135.92100041707357,136.61599998474122
2024-09-24 00:00:00-04:00,145.0,147.11000061035156,143.92999267578125,144.8300018310547,1105200,0.0,0.0,127.8563500213623,135.90250040690105,136.853999710083
2024-09-25 00:00:00-04:00,145.36000061035156,146.4499969482422,141.80999755859375,143.0399932861328,891600,0.0,0.0,128.05099998474122,135.82400029500326,136.84699974060058
2024-09-26 00:00:00-04:00,147.5,151.1300048828125,145.4199981689453,147.39999389648438,1159600,0.0,0.0,128.26929996490477,135.8558334350586,137.06149940490724
2024-09-27 00:00:00-04:00,148.00999450683594,148.25,143.89999389648438,144.30999755859375,975900,0.0,0.0,128.46784996032716,135.7960001627604,137.01299934387208
2024-09-30 00:00:00-04:00,144.08999633789062,145.25999450683594,141.83999633789062,144.80999755859375,835700,0.0,0.0,128.6672999572754,135.81716690063476,136.9449993133545
2024-10-01 00:00:00-04:00,144.10000610351562,144.44000244140625,139.4199981689453,141.6300048828125,877000,0.0,0.0,128.84144996643067,135.7690002441406,137.03049964904784
2024-10-02 00:00:00-04:00,139.27000427246094,142.4600067138672,138.50999450683594,140.8000030517578,933900,0.0,0.0,129.0061499786377,135.72816696166993,137.12449989318847
2024-10-03 00:00:00-04:00,138.9199981689453,140.97000122070312,136.19000244140625,137.99000549316406,830100,0.0,0.0,129.16055000305175,135.69233373006185,137.2430004119873
2024-10-04 00:00:00-04:00,140.86000061035156,142.74000549316406,140.27999877929688,141.92999267578125,813600,0.0,0.0,129.35204998016357,135.67633361816405,137.84849967956544
2024-10-07 00:00:00-04:00,141.50999450683594,141.50999450683594,134.50999450683594,136.5399932861328,931800,0.0,0.0,129.5084499359131,135.63133341471354,138.38899917602538
2024-10-08 00:00:00-04:00,135.74000549316406,137.25,134.6300048828125,135.61000061035156,755600,0.0,0.0,129.68209995269774,135.6273333231608,138.89799919128419
2024-10-09 00:00:00-04:00,137.24000549316406,138.33999633789062,134.89999389648438,135.11000061035156,684500,0.0,0.0,129.84599994659425,135.61083323160807,139.24649925231932
2024-10-10 00:00:00-04:00,134.77999877929688,136.9600067138672,133.83999633789062,136.74000549316406,830600,0.0,0.0,130.03879997253418,135.67333323160807,139.69699935913087
2024-10-11 00:00:00-04:00,136.72999572753906,139.75,136.22999572753906,139.5500030517578,624300,0.0,0.0,130.25305000305175,135.8066665649414,140.2359992980957
2024-10-14 00:00:00-04:00,139.64999389648438,141.2899932861328,137.0500030517578,139.42999267578125,1132400,0.0,0.0,130.4776499557495,135.90549977620444,140.43399887084962
2024-10-15 00:00:00-04:00,139.3000030517578,144.22999572753906,138.72000122070312,140.4499969482422,910100,0.0,0.0,130.70354995727538,136.02499974568684,140.53499908447264
2024-10-16 00:00:00-04:00,141.07000732421875,141.5,135.77000427246094,137.5399932861328,1164200,0.0,0.0,130.9241999053955,136.12899958292644,140.4214988708496
2024-10-17 00:00:00-04:00,139.2899932861328,139.2899932861328,135.27000427246094,136.08999633789062,899900,0.0,0.0,131.13579990386964,136.2408327738444,140.3299987792969
2024-10-18 00:00:00-04:00,137.9199981689453,139.47000122070312,137.0399932861328,139.39999389648438,895200,0.0,0.0,131.389349861145,136.47849934895834,140.3474983215332
2024-10-21 00:00:00-04:00,138.66000366210938,139.0399932861328,136.4499969482422,138.22999572753906,868100,0.0,0.0,131.63159984588623,136.607332611084,140.07149810791014
2024-10-22 00:00:00-04:00,137.02999877929688,137.10000610351562,132.2899932861328,132.35000610351562,1217200,0.0,0.0,131.86104988098145,136.60466613769532,139.4474983215332
2024-10-23 00:00:00-04:00,132.57000732421875,134.85000610351562,130.35000610351562,131.2899932861328,770000,0.0,0.0,131.99734985351563,136.582666015625,138.8599983215332
2024-10-24 00:00:00-04:00,132.9499969482422,132.9499969482422,129.69000244140625,129.99000549316406,820000,0.0,0.0,132.14669986724854,136.50966618855793,137.9894989013672
2024-10-25 00:00:00-04:00,134.0,137.0,132.77999877929688,133.75,1491200,0.0,0.0,132.28964984893798,136.55866622924805,137.4614990234375
2024-10-28 00:00:00-04:00,135.44000244140625,139.9600067138672,135.35000610351562,138.0500030517578,2281700,0.0,0.0,132.4553998565674,136.80433298746746,137.1234992980957
2024-10-29 00:00:00-04:00,113.75,117.76000213623047,111.16000366210938,111.58000183105469,9251400,0.0,0.0,132.49634986877442,136.64649963378906,135.62099914550782
2024-10-30 00:00:00-04:00,110.1500015258789,113.19999694824219,108.72000122070312,109.0,3540000,0.0,0.0,132.53769985198974,136.35166625976564,134.03099899291993
2024-10-31 00:00:00-04:00,109.55999755859375,110.88999938964844,106.4800033569336,107.81999969482422,2365900,0.0,0.0,132.57944984436034,136.0456662495931,132.52249870300292
2024-11-01 00:00:00-04:00,108.0,108.70999908447266,105.69999694824219,106.20999908447266,1880400,0.0,0.0,132.6079998397827,135.61999956766763,130.7364990234375
2024-11-04 00:00:00-05:00,105.29000091552734,108.25,105.12999725341797,106.29000091552734,1253200,0.0,0.0,132.63269985198974,135.18699951171874,129.22399940490723
2024-11-05 00:00:00-05:00,106.01000213623047,106.72000122070312,104.66999816894531,105.22000122070312,1615600,0.0,0.0,132.6483498764038,134.76999944051107,127.70449943542481
2024-11-06 00:00:00-05:00,106.4800033569336,107.80000305175781,101.13999938964844,102.73999786376953,2382300,0.0,0.0,132.6520998764038,134.23883272806805,126.0859992980957
2024-11-07 00:00:00-05:00,102.5,105.13999938964844,101.5,101.86000061035156,1792600,0.0,0.0,132.66039989471435,133.7466660817464,124.34199905395508
2024-11-08 00:00:00-05:00,101.56999969482422,101.98999786376953,99.52999877929688,101.30000305175781,1836000,0.0,0.0,132.66359989166259,133.14866625467937,122.42949905395508
2024-11-11 00:00:00-05:00,102.26000213623047,104.27999877929688,101.9000015258789,102.8499984741211,1457900,0.0,0.0,132.66304988861083,132.59533284505207,120.60049934387207
2024-11-12 00:00:00-05:00,103.12000274658203,103.9000015258789,101.30000305175781,101.9800033569336,1191400,0.0,0.0,132.6509498977661,131.97316627502443,118.67699966430663
2024-11-13 00:00:00-05:00,100.75,102.5999984741211,98.58999633789062,98.95999908447266,1731000,0.0,0.0,132.62604988098144,131.37233301798503,116.74799995422363
2024-11-14 00:00:00-05:00,99.6500015258789,101.69999694824219,98.68000030517578,99.86000061035156,1809700,0.0,0.0,132.61794986724854,130.6933329264323,114.93650016784667
2024-11-15 00:00:00-05:00,100.72000122070312,100.95999908447266,97.43000030517578,97.77999877929688,1373800,0.0,0.0,132.60279987335204,129.95533294677733,112.85550041198731
2024-11-18 00:00:00-05:00,97.43000030517578,98.26000213623047,95.79000091552734,96.51000213623047,1258200,0.0,0.0,132.59444988250732,129.15233294169107,110.76950073242188
2024-11-19 00:00:00-05:00,95.31999969482422,99.5,95.05000305175781,97.9800033569336,1487100,0.0,0.0,132.60329990386964,128.45083287556966,109.05100059509277
2024-11-20 00:00:00-05:00,97.30999755859375,99.62999725341797,97.12000274658203,98.58999633789062,1202000,0.0,0.0,132.60124988555907,127.70766626993814,107.41600074768067
2024-11-21 00:00:00-05:00,98.9800033569336,102.4000015258789,97.29000091552734,101.80999755859375,1479300,0.0,0.0,132.61044986724855,127.01933288574219,106.00700035095215
2024-11-22 00:00:00-05:00,103.80000305175781,107.7300033569336,103.75,106.08000183105469,1921900,0.0,0.0,132.61929988861084,126.36599960327149,104.62350044250488
2024-11-25 00:00:00-05:00,107.44000244140625,109.63999938964844,107.11000061035156,108.52999877929688,2042000,0.0,0.0,132.62424987792969,125.73866628011068,103.14750022888184
2024-11-26 00:00:00-05:00,108.08000183105469,108.22000122070312,104.02999877929688,104.05999755859375,1313100,0.0,0.0,132.59414985656738,125.14099960327148,102.7715000152588
2024-11-27 00:00:00-05:00,105.20999908447266,107.27999877929688,105.06999969482422,105.5999984741211,1849000,0.0,0.0,132.58744983673097,124.58566627502441,102.60149993896485
2024-11-29 00:00:00-05:00,105.98999786376953,106.73999786376953,104.55999755859375,105.5999984741211,760600,0.0,0.0,132.57359981536865,124.08533299763998,102.4904998779297
2024-12-02 00:00:00-05:00,106.23999786376953,110.18000030517578,105.83000183105469,109.68000030517578,1417600,0.0,0.0,132.51384983062744,123.74966621398926,102.66399993896485
2024-12-03 00:00:00-05:00,109.80000305175781,111.62999725341797,107.61000061035156,111.25,1344800,0.0,0.0,132.47519981384278,123.50833282470703,102.91199989318848
2024-12-04 00:00:00-05:00,111.33000183105469,114.02999877929688,111.2300033569336,113.27999877929688,1231700,0.0,0.0,132.46364982604982,123.30583279927572,103.31499977111817
2024-12-05 00:00:00-05:00,113.25,113.45999908447266,109.54000091552734,109.91000366210938,1208500,0.0,0.0,132.43459983825684,123.00199953715007,103.67350006103516
2024-12-06 00:00:00-05:00,111.7699966430664,112.44999694824219,109.55999755859375,109.75,1035400,0.0,0.0,132.39689983367919,122.7023328145345,104.06800003051758
2024-12-09 00:00:00-05:00,110.12000274658203,112.0,108.5,110.58999633789062,1423300,0.0,0.0,132.35829982757568,122.39933268229167,104.53249969482422
2024-12-10 00:00:00-05:00,110.83999633789062,113.0999984741211,110.22000122070312,111.44000244140625,1172400,0.0,0.0,132.31609985351562,121.99883270263672,104.96199989318848
2024-12-11 00:00:00-05:00,112.4000015258789,114.06999969482422,112.31999969482422,113.37000274658203,1444000,0.0,0.0,132.27749988555908,121.58116620381674,105.5314998626709
2024-12-12 00:00:00-05:00,113.08000183105469,113.95999908447266,112.30000305175781,112.94000244140625,1067600,0.0,0.0,132.22589988708495,121.13333295186361,106.23050003051758
2024-12-13 00:00:00-05:00,113.20999908447266,113.33999633789062,110.33000183105469,111.72000122070312,1095800,0.0,0.0,132.17324989318848,120.69666633605956,106.82350006103516
2024-12-16 00:00:00-05:00,111.33999633789062,112.98999786376953,108.87999725341797,108.95999908447266,1498300,0.0,0.0,132.09399990081786,120.19516626993816,107.38250007629395
2024-12-17 00:00:00-05:00,109.0,113.0999984741211,108.66000366210938,111.55000305175781,1353100,0.0,0.0,132.0287999343872,119.65849965413412,108.1345001220703
2024-12-18 00:00:00-05:00,111.7300033569336,112.2699966430664,106.45999908447266,106.8499984741211,1492000,0.0,0.0,131.95294994354248,119.02549959818522,108.57799987792968
2024-12-19 00:00:00-05:00,108.38999938964844,109.36000061035156,104.62999725341797,105.68000030517578,1271200,0.0,0.0,131.87939994812012,118.4028330485026,108.93250007629395
2024-12-20 00:00:00-05:00,105.26000213623047,113.0,104.47000122070312,111.86000061035156,2773700,0.0,0.0,131.81869995117188,117.81049982706706,109.43500022888183
2024-12-23 00:00:00-05:00,111.30999755859375,115.38999938964844,111.13999938964844,113.2699966430664,1354500,0.0,0.0,131.75984992980958,117.29316647847493,109.79449996948242
2024-12-24 00:00:00-05:00,113.2699966430664,113.5,110.80000305175781,112.27999877929688,483600,0.0,0.0,131.68774993896486,116.75099983215333,109.98199996948242
2024-12-26 00:00:00-05:00,112.08999633789062,113.77999877929688,111.7699966430664,112.94999694824219,980100,0.0,0.0,131.6245499420166,116.27299969991049,110.42649993896484
2024-12-27 00:00:00-05:00,112.45999908447266,114.16000366210938,110.62999725341797,110.72000122070312,930400,0.0,0.0,131.531549911499,115.77166633605957,110.68250007629395
2024-12-30 00:00:00-05:00,109.44999694824219,109.91999816894531,106.81999969482422,108.70999908447266,1057800,0.0,0.0,131.44514991760255,115.28366622924804,110.83800010681152
2024-12-31 00:00:00-05:00,109.58999633789062,110.6500015258789,108.68000030517578,109.52999877929688,905400,0.0,0.0,131.3519499206543,114.74366633097331,110.83050003051758
2025-01-02 00:00:00-05:00,110.55000305175781,112.4000015258789,109.83000183105469,110.02999877929688,934400,0.0,0.0,131.25229988098144,114.30183308919271,110.76949996948242
2025-01-03 00:00:00-05:00,110.5999984741211,111.73999786376953,109.26000213623047,110.80000305175781,729700,0.0,0.0,131.1477498626709,113.88833312988281,110.64550018310547
2025-01-06 00:00:00-05:00,112.80000305175781,115.08000183105469,111.23999786376953,112.06999969482422,1264100,0.0,0.0,131.0081498336792,113.50433311462402,110.75349998474121
2025-01-07 00:00:00-05:00,113.12000274658203,113.80999755859375,110.38999938964844,111.05999755859375,861500,0.0,0.0,130.85844982147216,113.07633298238119,110.81899986267089
2025-01-08 00:00:00-05:00,109.41999816894531,109.98999786376953,107.51000213623047,109.68000030517578,808400,0.0,0.0,130.6987498474121,112.57849960327148,110.77350006103515
2025-01-10 00:00:00-05:00,107.98999786376953,110.38999938964844,107.41000366210938,110.04000091552734,764500,0.0,0.0,130.54269985198974,112.08866640726725,110.70349998474121
2025-01-13 00:00:00-05:00,108.95999908447266,109.83999633789062,103.69000244140625,105.7699966430664,1545700,0.0,0.0,130.3712998199463,111.51066640218099,110.32349967956543
2025-01-14 00:00:00-05:00,106.88999938964844,108.41000366210938,104.3499984741211,105.12000274658203,1153500,0.0,0.0,130.18179981231688,110.97033322652182,109.93249969482422
2025-01-15 00:00:00-05:00,108.36000061035156,108.69999694824219,103.70999908447266,103.88999938964844,962900,0.0,0.0,129.98224979400635,110.43366661071778,109.54099960327149
2025-01-16 00:00:00-05:00,103.66000366210938,103.87999725341797,101.55999755859375,102.66999816894531,1338800,0.0,0.0,129.76684978485108,109.82150001525879,109.22649955749512
2025-01-17 00:00:00-05:00,102.44000244140625,102.58999633789062,99.44000244140625,99.97000122070312,1776700,0.0,0.0,129.55839977264404,109.18383344014485,108.64749946594239
2025-01-21 00:00:00-05:00,101.29000091552734,103.47000122070312,99.33000183105469,103.30000305175781,1666100,0.0,0.0,129.38109981536866,108.69966672261556,108.46999969482422
2025-01-22 00:00:00-05:00,103.30000305175781,103.48999786376953,101.29000091552734,102.63999938964844,1222500,0.0,0.0,129.22239978790284,108.22216682434082,108.31799964904785
2025-01-23 00:00:00-05:00,102.20999908447266,105.11000061035156,100.05000305175781,105.05999755859375,1224600,0.0,0.0,129.07724979400635,107.80666669209798,107.97799949645996
2025-01-24 00:00:00-05:00,105.33999633789062,105.45999908447266,102.4800033569336,103.58999633789062,1152400,0.0,0.0,128.9315497970581,107.30399996439616,107.49399948120117
2025-01-27 00:00:00-05:00,103.5,105.25,101.95999908447266,102.41999816894531,1054700,0.0,0.0,128.8025497817993,106.71016654968261,107.0009994506836
2025-01-28 00:00:00-05:00,102.0,104.0999984741211,101.77999877929688,103.55999755859375,752900,0.0,0.0,128.6788998031616,106.57649981180826,106.53149948120117
2025-01-29 00:00:00-05:00,104.11000061035156,106.44999694824219,103.70999908447266,104.7699966430664,1022300,0.0,0.0,128.5556997680664,106.50599975585938,106.23399925231934
2025-01-30 00:00:00-05:00,105.7699966430664,107.69999694824219,104.55000305175781,107.01000213623047,926020,0.0,0.0,128.46304977416992,106.49249979654948,106.14899940490723
